path,label,prob_0,prob_1,prob_2
figshare/2399.png,0,0.9329383274999999,0.034345631125,0.032716024375
figshare/2269.png,0,0.93130781125,0.03536245724999999,0.033329727375
figshare/0978.png,2,0.0315028255,0.031514576375,0.9369826175
figshare/0090.png,1,0.032573933250000006,0.93619490375,0.031231171125
figshare/0441.png,1,0.032221817874999996,0.93598346875,0.031794712125
figshare/1786.png,2,0.031383687,0.033500497375,0.93511582375
figshare/0627.png,1,0.032631967500000005,0.93546642625,0.031901594500000005
figshare/2391.png,0,0.9328683575000001,0.034475830625,0.032655833875
figshare/2774.png,0,0.93163596875,0.03509594125,0.033268064624999996
figshare/2173.png,0,0.876087615,0.09113552425,0.03277684025
figshare/2567.png,0,0.9327781312499999,0.034585226999999996,0.032636664375
figshare/0644.png,1,0.031523683250000004,0.9364972324999998,0.0319790665
figshare/1913.png,0,0.9328891587499999,0.033691192125,0.033419629375
figshare/1342.png,2,0.031368707749999995,0.03203452074999999,0.93659676375
figshare/2900.png,0,0.9325989662499999,0.03492347800000001,0.032477561249999995
figshare/2525.png,0,0.9329689112500001,0.034560752,0.0324703345
figshare/1497.png,2,0.031367906,0.031077783625,0.93755429
figshare/0887.png,0,0.9332137949999999,0.034299008124999995,0.032487178874999995
figshare/0178.png,1,0.032732711875,0.9363797675,0.030887518375
figshare/0673.png,1,0.035051459874999996,0.8787826012500001,0.08616593187499999
figshare/1790.png,2,0.031308075500000004,0.0320984795,0.9365934587500001
figshare/2332.png,0,0.9328489862500001,0.033953797375,0.033197213125
figshare/0183.png,1,0.032817253125,0.9360851199999999,0.031097625
figshare/3024.png,0,0.93256386625,0.034845630125,0.032590507125
figshare/0162.png,1,0.032974595375,0.93615561625,0.030869792875
figshare/0756.png,0,0.9322006775,0.035315606375,0.032483705375
figshare/0391.png,1,0.0323064805,0.9365889337500001,0.031104596999999998
figshare/1499.png,2,0.031406334125,0.031433119999999995,0.93716054375
figshare/1534.png,2,0.03149972475,0.0309020355,0.93759823125
figshare/0089.png,1,0.032243247,0.9364794162500001,0.031277329625
figshare/3058.png,0,0.93301934875,0.03405506625,0.032925613750000006
figshare/0893.png,0,0.81198362575,0.15564741275000002,0.03236897625
figshare/0912.png,0,0.93128837875,0.035740780625,0.032970822625
figshare/0110.png,1,0.14539914875,0.8227913955,0.03180945525
figshare/2234.png,0,0.93293295125,0.034231108625,0.032835937999999995
figshare/1339.png,2,0.032664975125,0.030715655999999997,0.9366193799999999
figshare/2718.png,0,0.9318252762499999,0.03547818675,0.0326965055
figshare/1193.png,2,0.0320006345,0.030704425000000004,0.937294935
figshare/1870.png,0,0.93315096875,0.034246196124999996,0.03260284275
figshare/2924.png,0,0.93319366125,0.033928225625,0.0328780935
figshare/1256.png,2,0.031593863875,0.03148040125,0.936925725
figshare/2439.png,0,0.9326863,0.034670353,0.032643378875
figshare/1114.png,2,0.031623011874999996,0.030453155999999995,0.9379238400000001
figshare/2299.png,0,0.93273608375,0.033728603999999995,0.033535322625
figshare/0415.png,1,0.032528800125,0.93563552625,0.03183566325
figshare/2242.png,0,0.93299607625,0.034491573625,0.032512338125000005
figshare/0709.png,2,0.031557988875,0.031728737,0.93671328
figshare/2375.png,0,0.9326743049999999,0.033995066,0.033330627375
figshare/0122.png,1,0.032161708375,0.93656407375,0.03127423712500001
figshare/0172.png,1,0.03335743025,0.9354158975,0.031226672125
figshare/1950.png,0,0.93231050875,0.03434174125,0.03334775475
figshare/2777.png,0,0.9328952912499999,0.033793776250000004,0.03331094675
figshare/0419.png,1,0.032379318000000004,0.9367506975,0.030869977625
figshare/1318.png,2,0.031306862124999994,0.03273800675,0.9359551249999999
figshare/1819.png,2,0.0326055135,0.034174734,0.93321975875
figshare/2230.png,0,0.9330018425,0.0339066045,0.033091551375
figshare/2564.png,0,0.9332129387499999,0.0339213125,0.0328657475
figshare/2006.png,0,0.9318724375,0.03579505375,0.03233250637500001
figshare/1462.png,2,0.031415492375,0.031081862,0.9375026650000001
figshare/0343.png,1,0.03417631575,0.9350316412499999,0.030792067
figshare/1356.png,2,0.032029613125,0.034461627875,0.9335087400000001
figshare/2247.png,0,0.9325906112500002,0.03463712375,0.032772259875
figshare/0993.png,2,0.031345861875000006,0.031069489875000002,0.93758463625
figshare/1305.png,2,0.03139797625,0.032062888875,0.936539155
figshare/2852.png,0,0.9329694225,0.034584656374999995,0.032445895375
figshare/2150.png,0,0.93283122125,0.033954636125,0.033214179625
figshare/2959.png,0,0.9327956,0.034537732,0.0326666565
figshare/1435.png,2,0.034699322250000005,0.046184995,0.9191156662500001
figshare/1062.png,2,0.031276339875,0.03164636425,0.9370773075
figshare/0345.png,1,0.03496689675,0.41260154812500005,0.5524315495000001
figshare/0943.png,2,0.031803588,0.030504790125,0.9376916062499999
figshare/0039.png,1,0.031592868499999996,0.93645457125,0.031952561125
figshare/0156.png,1,0.033383134875000005,0.9355288387499999,0.031088016124999996
figshare/1302.png,2,0.031339877375,0.031665613375,0.93699450625
figshare/2059.png,0,0.93212560625,0.034827659125,0.03304673525
figshare/1097.png,2,0.031371544,0.031233009500000002,0.9373954650000001
figshare/2183.png,0,0.9329311375,0.03414513925,0.032923705875
figshare/1443.png,2,0.031343080125000006,0.0319944865,0.9366624362499999
figshare/1922.png,0,0.933175995,0.03350820375,0.033315790750000004
figshare/2748.png,0,0.9285867437499999,0.036079803375,0.035333445375
figshare/0186.png,1,0.14514597225,0.37463149800000006,0.48022253925
figshare/1415.png,2,0.031216208875000005,0.0323939305,0.9363898774999999
figshare/0214.png,1,0.03237923075,0.9360717649999999,0.0315490065
figshare/0297.png,1,0.033884498124999995,0.93415089,0.03196460825
figshare/2243.png,0,0.9330709737500001,0.034596673625000005,0.032332345125
figshare/0027.png,1,0.033165616125,0.9352653975,0.031568982375
figshare/1602.png,2,0.031410986749999995,0.031987851124999994,0.9366011725
figshare/1194.png,2,0.0314203905,0.032042697125000005,0.93653689375
figshare/2908.png,0,0.93306209625,0.034204177499999995,0.032733707
figshare/0942.png,2,0.031791028,0.030691717,0.9375172362499999
figshare/1626.png,2,0.03200400925,0.03188185725,0.9361141224999999
figshare/2410.png,0,0.9327131825,0.034006929,0.033279868000000004
figshare/1557.png,2,0.03193275275,0.03010384625,0.93796338
figshare/2929.png,0,0.8738566937500001,0.093349675625,0.032793632625
figshare/0797.png,0,0.9332251625000001,0.034335124499999994,0.032439725375
figshare/2707.png,0,0.93227284375,0.03527369825,0.032453448125
figshare/2840.png,0,0.9328310262499998,0.034400152249999996,0.032768832875
figshare/2366.png,0,0.9329617825,0.03414527425,0.03289293299999999
figshare/2522.png,0,0.9329580299999999,0.033873591125,0.033168361874999996
figshare/1184.png,2,0.03155543625,0.031181210249999997,0.9372633762500002
figshare/3050.png,0,0.93115004375,0.036719143375,0.032130803875
figshare/2116.png,0,0.9330520312499999,0.03437439775,0.032573574375
figshare/0836.png,0,0.9328926324999999,0.034215418875,0.032891960375
figshare/0180.png,1,0.03255636125,0.93662886875,0.030814758875
figshare/2385.png,0,0.93305444,0.034065690499999995,0.032879866
figshare/1693.png,2,0.031379466625000005,0.031293807875,0.9373267137499999
figshare/1461.png,2,0.031660937,0.030821301249999995,0.9375177600000001
figshare/2696.png,0,0.93272779625,0.034070194124999995,0.033202022250000005
figshare/0812.png,0,0.932893875,0.034579961250000006,0.032526157875
figshare/1295.png,2,0.03183407425,0.031390734125,0.9367751900000001
figshare/2544.png,0,0.93252633625,0.034849687125,0.0326239705
figshare/1848.png,0,0.93245672125,0.034710746625,0.032832503
figshare/1466.png,2,0.031673502875,0.030691196500000004,0.9376353125
figshare/2401.png,0,0.9330535487499999,0.033926249375,0.033020218750000004
figshare/1422.png,2,0.031325799,0.032050196125,0.93662400625
figshare/0438.png,1,0.032819215875,0.93527235375,0.03190842925
figshare/2886.png,0,0.93307973375,0.033792539875,0.033127718
figshare/2414.png,0,0.93277787375,0.0343970305,0.032825082874999995
figshare/1364.png,2,0.03163297175,0.030475451499999997,0.93789157375
figshare/1513.png,2,0.031160041875000002,0.031726916125,0.9371130274999999
figshare/0842.png,0,0.36034526249999993,0.604777509875,0.03487723425
figshare/2755.png,0,0.9320276125,0.03521268625,0.032759699125
figshare/2524.png,0,0.9325725537499998,0.03519868175,0.032228752
figshare/1350.png,2,0.031694603375,0.03551674875,0.932788675
figshare/1619.png,2,0.031945964874999996,0.032319902750000004,0.9357341425
figshare/1604.png,2,0.031145684125000003,0.031668938625000004,0.9371853600000001
figshare/2406.png,0,0.9328459812500001,0.034537210875,0.032616796375
figshare/1893.png,0,0.9319908912499999,0.034409124375,0.03359999275
figshare/2837.png,0,0.93161483625,0.034530272,0.033854899875
figshare/0192.png,1,0.03274068975,0.9362076475,0.031051644500000003
figshare/1624.png,2,0.032215766125,0.03082750425,0.93695673125
figshare/0206.png,1,0.11307809775000001,0.8515155299999999,0.035406375749999996
figshare/2124.png,0,0.9329748075,0.034200377750000004,0.032824821375
figshare/0124.png,1,0.03262984537500001,0.7642986012499999,0.203071567125
figshare/0699.png,1,0.03255885225,0.9355663687499999,0.031874797375
figshare/0780.png,0,0.9322150612499999,0.0353501355,0.032434800874999996
figshare/2259.png,0,0.932641405,0.034398285375000004,0.032960283875
figshare/2187.png,0,0.93266813,0.034866488125000004,0.032465362375
figshare/1034.png,2,0.031987311875,0.030264328375000003,0.93774835875
figshare/1691.png,2,0.03173865425,0.030751656250000002,0.9375097025
figshare/2590.png,0,0.9328537474999999,0.033740900625,0.033405361249999994
figshare/2999.png,0,0.9330329987500001,0.033899881875,0.033067092374999996
figshare/0599.png,1,0.6155302862500001,0.346061589375,0.038408124875
figshare/0741.png,0,0.93300015,0.03389161725,0.033108238
figshare/2976.png,0,0.9326516225,0.03454416125,0.03280423025
figshare/0053.png,1,0.033581142625000004,0.9354393562499999,0.030979507625
figshare/1038.png,2,0.031767839124999996,0.031021451625,0.9372106974999999
figshare/0144.png,1,0.03404095125,0.934314695,0.031644354
figshare/0610.png,1,0.032397466375,0.93572265625,0.031879869625
figshare/0565.png,1,0.032852605124999996,0.93574226375,0.031405140625
figshare/2730.png,0,0.7469542505,0.21864105187500002,0.034404695374999995
figshare/2019.png,0,0.9314900749999999,0.03584934375,0.032660572000000006
figshare/1643.png,2,0.031473477375,0.031379545375,0.937146995
figshare/2600.png,0,0.933269485,0.033988744625,0.03274177225
figshare/2701.png,0,0.93295472375,0.034081337625,0.032963931875000005
figshare/3012.png,0,0.9260411337500001,0.035460535875000004,0.038498339874999996
figshare/2704.png,0,0.9321606299999999,0.03499262175,0.032846737375
figshare/3013.png,0,0.9303294575,0.034995316,0.03467522612499999
figshare/2273.png,0,0.932971355,0.0341852605,0.032843354375
figshare/0828.png,0,0.14226241537499998,0.8248476062500001,0.032890003249999994
figshare/2643.png,0,0.9317172375,0.0348370825,0.033445678125
figshare/1001.png,2,0.031211441000000003,0.031230407375,0.9375581362499998
figshare/2013.png,0,0.93324853125,0.033785670125,0.032965799125
figshare/1546.png,2,0.031326390125,0.0310002125,0.93767336625
figshare/1716.png,2,0.031328027125,0.03138942075,0.93728255375
figshare/0276.png,1,0.03259229825,0.9362433675,0.03116435275
figshare/1661.png,2,0.031415064375,0.032536472250000004,0.93604849
figshare/0841.png,0,0.9027477225,0.06278365849999999,0.034468637375
figshare/1178.png,2,0.031568334749999996,0.031839556500000005,0.9365921100000001
figshare/1672.png,2,0.031537037125,0.031861016875,0.93660194125
figshare/2275.png,0,0.9329014449999999,0.033967481625,0.03313110125
figshare/0351.png,1,0.033753156874999996,0.9343304062500001,0.0319164445
figshare/0849.png,0,0.93283184875,0.034564060875,0.032604103625
figshare/1441.png,2,0.043486408625,0.03200977775,0.92450379875
figshare/2789.png,0,0.9323771249999999,0.035054095375000004,0.032568768375
figshare/1580.png,2,0.03134087125,0.030928442625,0.9377307012499999
figshare/1353.png,2,0.0316262095,0.032251611,0.936122205
figshare/2264.png,0,0.9328984275000001,0.03398457175,0.033116996375000006
figshare/2671.png,0,0.93331568375,0.034052133625,0.032632189
figshare/0420.png,1,0.03223673125,0.9366680462499999,0.031095225625
figshare/0347.png,1,0.03410105,0.6066096113749999,0.35928933475
figshare/1932.png,0,0.9333331525,0.033509084875,0.033157765
figshare/1416.png,2,0.031247388,0.0318752795,0.93687732375
figshare/2179.png,0,0.87641295125,0.035852099375,0.087734944625
figshare/2689.png,0,0.9331360974999999,0.034157174625,0.032706714
figshare/0123.png,1,0.0326433975,0.936084535,0.031272078125000005
figshare/1960.png,0,0.93280810375,0.034127204875,0.03306469025
figshare/1682.png,2,0.031492761249999994,0.03144494012500001,0.937062285
figshare/0928.png,2,0.031415252250000004,0.031759691,0.9368250275
figshare/0538.png,1,0.032212294125000006,0.9359257262499999,0.03186198825
figshare/1868.png,0,0.9332046512499999,0.03422274,0.032572611249999994
figshare/2609.png,0,0.93258455875,0.033942049125,0.033473380375
figshare/2812.png,0,0.933182445,0.034028597375000004,0.03278895975
figshare/2481.png,0,0.9331020899999999,0.034166854,0.032731056
figshare/0052.png,1,0.03305736675,0.93602519,0.0309174505
figshare/2415.png,0,0.9317728574999999,0.034376253125,0.033850893625
figshare/0714.png,2,0.031457635125,0.030974189125000003,0.93756817875
figshare/0520.png,1,0.032216189874999995,0.93613731,0.031646510625000006
figshare/2518.png,0,0.9329095275,0.034206620125000003,0.032883851875
figshare/1060.png,2,0.03150197975,0.03046297825,0.93803504625
figshare/0274.png,1,0.032387957125,0.9361384550000001,0.031473608
figshare/2553.png,0,0.9324293575,0.034476158,0.033094487374999995
figshare/0385.png,1,0.032252523125,0.9357769512499999,0.03197053825000001
figshare/2956.png,0,0.932556655,0.034576951125000005,0.03286640275
figshare/0436.png,1,0.032616015625,0.93559778125,0.031786190875
figshare/0970.png,2,0.031101468,0.032422124999999996,0.9364764137500001
figshare/1671.png,2,0.047031954625,0.033096571375,0.9198714837499999
figshare/0486.png,1,0.04799715175000001,0.91855152625,0.0334513445
figshare/2603.png,0,0.9330926275,0.03406549425,0.03284186225
figshare/0453.png,1,0.032369524250000004,0.9359586775,0.031671815625
figshare/0655.png,1,0.14390732187500002,0.82319894375,0.03289371225
figshare/2198.png,0,0.9328943462499999,0.034460682500000006,0.032644983875
figshare/1018.png,2,0.03153796062500001,0.032043509375,0.9364185312500002
figshare/0976.png,2,0.03139514575,0.031676796125000004,0.9369280437499999
figshare/2521.png,0,0.9327676275000001,0.034151153999999996,0.03308119425
figshare/1105.png,2,0.031722392499999995,0.031052638000000004,0.93722494375
figshare/2392.png,0,0.9331475825000002,0.034154706625,0.032697703125
figshare/0645.png,1,0.031868062625,0.93627812875,0.031853780000000005
figshare/1621.png,2,0.032596980125,0.032421791874999994,0.9349812125
figshare/1322.png,2,0.032603830875,0.040980903874999995,0.9264152550000001
figshare/2994.png,0,0.93290858,0.033576958375,0.033514455124999995
figshare/2191.png,0,0.9327875225,0.034555792875,0.032656692125000004
figshare/0588.png,1,0.03224675925,0.9364011087499999,0.031352140875000004
figshare/1614.png,2,0.031592893375,0.030839542249999997,0.93756753125
figshare/1125.png,2,0.03135369925,0.031507253625,0.93713906
figshare/0806.png,0,0.932652115,0.034718009375,0.032629873749999996
figshare/1710.png,2,0.033332276125000004,0.030185628625,0.9364820825
figshare/1943.png,0,0.93318542375,0.034064582749999996,0.032749989
figshare/0651.png,1,0.0322290965,0.93626350625,0.031507393875000005
figshare/1031.png,2,0.031811065874999996,0.031200320124999997,0.9369886187499998
figshare/2798.png,0,0.93310102875,0.033901569874999996,0.032997382875
figshare/2192.png,0,0.9315374225,0.036211191749999996,0.032251412125
figshare/1073.png,2,0.031396984125,0.030967034625,0.937635985
figshare/1564.png,2,0.03134780325,0.031637060499999994,0.9370151287499999
figshare/2948.png,0,0.93296372125,0.033997256125,0.033039043625
figshare/0387.png,1,0.03219257,0.9360723487499999,0.031735075625
figshare/0564.png,1,0.28390305287500006,0.6831526775,0.03294428
figshare/0207.png,1,0.034365678,0.9341868012500001,0.03144750475
figshare/0355.png,1,0.032456949750000005,0.9357611025000001,0.0317819325
figshare/0799.png,0,0.93243860625,0.0349258215,0.032635565250000005
figshare/0620.png,1,0.0337467735,0.934122075,0.032131137125
figshare/1036.png,2,0.03183598575,0.030982177625000003,0.9371818312500001
figshare/0927.png,2,0.03138622362500001,0.031489251499999996,0.93712452
figshare/2807.png,0,0.9329526075000001,0.034143888375,0.032903492125
figshare/0472.png,1,0.03255929625,0.93482279,0.032617928000000004
figshare/0502.png,1,0.03354784475,0.93436079625,0.03209136925
figshare/0362.png,1,0.033276198375,0.9352709462500001,0.03145285875000001
figshare/2486.png,0,0.9328874137500001,0.0338425485,0.03327003775
figshare/0041.png,1,0.03175453275,0.87987768875,0.08836776925
figshare/0508.png,1,0.032112914375,0.93630013,0.03158694475
figshare/0393.png,1,0.11034846087500001,0.7156689224999999,0.17398263749999998
figshare/0075.png,1,0.032670511624999996,0.93539013,0.031939362750000005
figshare/2932.png,0,0.9326743962499999,0.034597029875000004,0.0327285615
figshare/1242.png,2,0.03145628975,0.031402220625000005,0.9371414875
figshare/2105.png,0,0.9328794225,0.033925403374999996,0.033195148375
figshare/2842.png,0,0.93309303625,0.0341298195,0.03277716275
figshare/1181.png,2,0.031472531875,0.031449230875000005,0.9370782525
figshare/1692.png,2,0.031510664875,0.030985749,0.9375036025
figshare/1730.png,2,0.032110682,0.031313506250000005,0.9365758175000001
figshare/1547.png,2,0.031383064625,0.030895728875000004,0.93772120125
figshare/1344.png,2,0.031295678625,0.031509871875000005,0.93719445125
figshare/1351.png,2,0.031680601375,0.031294760125,0.9370246437499999
figshare/1608.png,2,0.0314570325,0.0313718845,0.9371711287500001
figshare/2545.png,0,0.93178978875,0.035567065875,0.03264316525
figshare/2146.png,0,0.93159150875,0.034270484749999996,0.03413799049999999
figshare/0688.png,1,0.031964548625,0.9360773474999999,0.031958107375
figshare/0684.png,1,0.03205902275,0.93603444125,0.031906538500000005
figshare/0381.png,1,0.03243537025,0.93640512875,0.0311595075
figshare/1423.png,2,0.031847778875,0.031659881,0.9364923350000001
figshare/2227.png,0,0.93290754625,0.034364568875,0.032727892625
figshare/1766.png,2,0.031523673,0.031559305249999996,0.93691699375
figshare/0272.png,1,0.033576219500000004,0.9346369950000001,0.031786799874999994
figshare/1011.png,2,0.03170151975,0.03127078062500001,0.93702767875
figshare/1857.png,0,0.9330714950000001,0.034059167125,0.03286932775
figshare/2888.png,0,0.9328733575,0.033946359375,0.033180293
figshare/1306.png,2,0.031359261625,0.03161858225,0.93702213875
figshare/1118.png,2,0.031948269625,0.030365144750000003,0.9376866174999999
figshare/2371.png,0,0.9327727737500001,0.03424437475,0.032982863125
figshare/3022.png,0,0.9322813537499999,0.034659538,0.033059106624999994
figshare/1610.png,2,0.031773445624999994,0.03158942475,0.936637115
figshare/0305.png,1,0.032265260250000004,0.9361111062499999,0.031623628375
figshare/1628.png,2,0.031642116750000004,0.030725313124999997,0.93763256875
figshare/2585.png,0,0.932454735,0.034697549625,0.032847727874999996
figshare/0545.png,1,0.032622333625000006,0.9361493350000001,0.031228336
figshare/2024.png,0,0.9328386074999999,0.03419501,0.032966379999999997
figshare/2561.png,0,0.93254675375,0.03492719925,0.032526034375
figshare/0612.png,1,0.032101710875,0.9361042574999999,0.031794038375
figshare/2991.png,0,0.93321235875,0.034021821125,0.0327658375
figshare/0111.png,1,0.03726591175,0.8427312500000002,0.12000282462499999
figshare/0167.png,1,0.031751728874999996,0.9366789662499999,0.031569309625
figshare/3039.png,0,0.9321940774999999,0.03466632275,0.033139617249999996
figshare/1261.png,2,0.032027607250000006,0.0341729985,0.93379937
figshare/1660.png,2,0.03127461375,0.03305658925,0.93566883
figshare/0218.png,1,0.032139997999999996,0.82290121475,0.144958793
figshare/2887.png,0,0.9328778199999999,0.033843550374999996,0.033278622625000004
figshare/2676.png,0,0.9327275437499999,0.033906743,0.033365710874999996
figshare/0979.png,2,0.03141975974999999,0.031439304875,0.9371409212499999
figshare/0736.png,0,0.9325769825,0.034947581625,0.032475426125
figshare/2457.png,0,0.9333455500000001,0.033748626625,0.03290585325
figshare/2196.png,0,0.93224903,0.03486796674999999,0.03288298275
figshare/2341.png,0,0.93261288125,0.034365722875000004,0.033021401125
figshare/2779.png,0,0.9318236062499999,0.034550870875,0.033625518625
figshare/0703.png,1,0.032315605,0.93636544625,0.03131893025
figshare/2427.png,0,0.9328533725,0.034505265624999996,0.032641384249999995
figshare/0995.png,2,0.03386211,0.14318899475,0.8229488775000001
figshare/1971.png,0,0.93288521125,0.034476455749999996,0.032638328875000004
figshare/2867.png,0,0.9331427700000001,0.034148512125,0.032708747375
figshare/2614.png,0,0.9314275112499999,0.03440481925,0.034167662375000005
figshare/2471.png,0,0.9328442250000001,0.03418786025,0.032967926375
figshare/0637.png,1,0.0333262435,0.93604491625,0.030628810374999996
figshare/1326.png,2,0.031558131,0.03225834699999999,0.9361835125000001
figshare/2753.png,0,0.8200572037499999,0.146974552875,0.032968247125
figshare/1706.png,2,0.031413652375,0.031672375625000006,0.93691399
figshare/0485.png,1,0.033250418375,0.93552487125,0.031224722875
figshare/0005.png,1,0.09603755562499999,0.87001603125,0.033946429875
figshare/1840.png,2,0.03138765175,0.032846339875,0.9357660150000001
figshare/1926.png,0,0.9330962574999999,0.033798054375,0.03310567825
figshare/2084.png,0,0.93303284375,0.03365825675,0.033308885375
figshare/2370.png,0,0.93301037625,0.0340614765,0.032928157124999996
figshare/2180.png,0,0.9289497987499999,0.034060622125,0.036989564999999995
figshare/0628.png,1,0.032919101375,0.9346896850000002,0.032391229125000004
figshare/0161.png,1,0.03266857075,0.9364967662500001,0.030834673625
figshare/2834.png,0,0.9327594,0.03380862125,0.03343197125
figshare/1051.png,2,0.031642628375,0.033079144375,0.9352782162500001
figshare/2788.png,0,0.9326924112499999,0.03487189475,0.032435695625
figshare/2440.png,0,0.93282854125,0.034458094249999995,0.03271333925
figshare/0902.png,0,0.9329056849999999,0.034410914625000004,0.0326834175
figshare/0947.png,2,0.031547167625,0.03125906675,0.937193795
figshare/1270.png,2,0.031917169125,0.031304539374999996,0.93677826
figshare/1668.png,2,0.031657705375000005,0.031597549875000006,0.93674473875
figshare/1705.png,2,0.031396359374999995,0.03133325825,0.9372703825000002
figshare/1568.png,2,0.031374990624999995,0.030919790125000002,0.9377052162500001
figshare/0804.png,0,0.93256971375,0.034730814375,0.03269947525
figshare/1543.png,2,0.03254073425,0.15906401450000002,0.80839525875
figshare/2612.png,0,0.9317902337500001,0.03476723425,0.0334425075
figshare/1388.png,2,0.031350248124999994,0.0313105655,0.9373391912500001
figshare/0859.png,0,0.93299818,0.034220176375,0.03278163425
figshare/1719.png,2,0.031418600374999994,0.031799213124999996,0.9367822125
figshare/2295.png,0,0.9326846812500001,0.03396742075,0.033347891500000004
figshare/0749.png,0,0.9328935587500001,0.034570059625,0.03253638425
figshare/0095.png,1,0.03507640425,0.82798224,0.13694134887500004
figshare/2546.png,0,0.931807445,0.035904026374999995,0.0322885235
figshare/2679.png,0,0.932830315,0.033866668625,0.033303033499999996
figshare/0843.png,0,0.8120275087500001,0.149275181,0.038697310000000006
figshare/0685.png,1,0.032399595625,0.9355594,0.032041012875
figshare/1910.png,0,0.93304768375,0.033979329249999995,0.032972989875
figshare/0302.png,1,0.032244412125000003,0.9362690787500001,0.031486490875
figshare/0602.png,1,0.032147621375,0.9361384987500001,0.031713893125
figshare/2346.png,0,0.9329238875,0.034302837499999995,0.032773273374999995
figshare/0881.png,0,0.87191090375,0.08720544699999999,0.040883667875
figshare/2445.png,0,0.9329215412499999,0.034405732375,0.032672690375
figshare/1685.png,2,0.0317890675,0.030854872749999998,0.9373560512499999
figshare/2442.png,0,0.86943263625,0.0973028605,0.033264517375
figshare/1551.png,2,0.031365262875,0.031404906625,0.93722981625
figshare/0807.png,0,0.817673592875,0.14768096762500002,0.034645434375
figshare/0782.png,0,0.93313672625,0.034187911375,0.03267536725
figshare/2770.png,0,0.8168999762499999,0.14763689900000002,0.035463124625
figshare/2965.png,0,0.9328542812499999,0.033643349625000006,0.0335023775
figshare/1343.png,2,0.031312330125,0.031633964,0.9370537199999999
figshare/0754.png,0,0.9323733925,0.03519444687499999,0.03243216325000001
figshare/0425.png,1,0.032299944500000004,0.9360807587500001,0.0316192935
figshare/0364.png,1,0.035182172374999994,0.9337860612500001,0.0310317595
figshare/1537.png,2,0.03164687425,0.030503390375,0.93784973625
figshare/2669.png,0,0.9330561887500001,0.034121347749999996,0.03282245525000001
figshare/1611.png,2,0.031451034125,0.030858298,0.9376906775
figshare/1089.png,2,0.031330200625,0.031076809125,0.9375929975
figshare/2703.png,0,0.87129213375,0.093834821,0.034873059125
figshare/1663.png,2,0.031547648,0.032158574375,0.93629375875
figshare/1172.png,2,0.031822472375,0.031165069500000003,0.9370124512500001
figshare/1314.png,2,0.031552966875000005,0.032513330125,0.9359336887499999
figshare/2363.png,0,0.9310784875000001,0.034708106249999995,0.034213409875
figshare/2438.png,0,0.93283794625,0.034586751750000005,0.032575287625000005
figshare/0600.png,1,0.528327409,0.43795477149999995,0.033717816375
figshare/0862.png,0,0.93103336625,0.03613737675,0.03282924575
figshare/0852.png,0,0.579819581375,0.38295672712499995,0.037223663500000004
figshare/2945.png,0,0.9329120350000001,0.034592010125,0.032495957125
figshare/1433.png,2,0.03159306925,0.0319882295,0.9364187187499999
figshare/0322.png,1,0.03228988024999999,0.9363103675,0.031399759625
figshare/0496.png,1,0.03488275125,0.62791947625,0.33719775449999995
figshare/0919.png,2,0.0315453235,0.030861500375,0.93759318
figshare/2065.png,0,0.9327973325,0.034474238875,0.032728434875
figshare/0205.png,1,0.033706207625000005,0.9351672725,0.031126508875
figshare/1100.png,2,0.0314084605,0.031236391874999995,0.9373551712500001
figshare/1965.png,0,0.9320987924999999,0.0354162695,0.032484942625
figshare/0223.png,1,0.032191065875,0.93646922,0.031339711125
figshare/0418.png,1,0.03243807925,0.9367286775,0.030833238250000002
figshare/0333.png,1,0.032777352,0.9350745562499999,0.032148097125
figshare/1576.png,2,0.03140821125,0.031113210125000002,0.9374785875
figshare/2592.png,0,0.9330672824999999,0.03367336325,0.03325935075000001
figshare/2925.png,0,0.93102012875,0.035301483125,0.033678391875
figshare/0292.png,1,0.032801428875000004,0.935362465,0.031836102375
figshare/1909.png,0,0.9329930049999999,0.033811132625,0.033195846625
figshare/0277.png,1,0.032443877625,0.9361520587500002,0.031404050125
figshare/3019.png,0,0.9328851025,0.033901959249999995,0.033212953125
figshare/2931.png,0,0.93268116,0.034846398125,0.032472446375
figshare/1116.png,2,0.03162961525,0.030509318125,0.937861085
figshare/2702.png,0,0.37854207875000007,0.38749838300000006,0.233959526625
figshare/1074.png,2,0.031585055375,0.031466774375,0.936948175
figshare/1741.png,2,0.031281998125,0.0318306285,0.9368873824999999
figshare/1724.png,2,0.031316823375000004,0.032094291999999996,0.93658888625
figshare/0416.png,1,0.032205639,0.936103115,0.031691243375
figshare/1635.png,2,0.031258151,0.031082000749999998,0.93765985
figshare/2134.png,0,0.9332595174999999,0.03375514725,0.032985344874999996
figshare/0963.png,2,0.03162966525,0.031261018625,0.9371093024999999
figshare/2320.png,0,0.93305537875,0.033832900750000006,0.033111727875
figshare/1331.png,2,0.031480104,0.031565004375,0.93695488125
figshare/1977.png,0,0.9317789762500002,0.035118249625,0.033102764874999996
figshare/1385.png,2,0.031469002875,0.031856546500000006,0.9366744575
figshare/2713.png,0,0.93041755,0.03477920625,0.034803229124999994
figshare/2640.png,0,0.932607075,0.03372629612499999,0.03366662912499999
figshare/0824.png,0,0.9328710925,0.03458111725,0.032547782625
figshare/1828.png,2,0.03212272425,0.030959960125,0.9369173362499998
figshare/0785.png,0,0.9330594674999999,0.034378176375,0.032562349875
figshare/1923.png,0,0.9331805324999999,0.033931854875,0.032887622875
figshare/0937.png,2,0.03139687125000001,0.031588464000000004,0.93701469375
figshare/0235.png,1,0.031980014,0.9363900462499999,0.031629937125
figshare/2608.png,0,0.9325015675,0.033856953625,0.033641486875
figshare/0067.png,1,0.033363595,0.9355548862499999,0.03108152875
figshare/0057.png,1,0.03309886925,0.9350654350000001,0.031835689625000003
figshare/1933.png,0,0.9331570012499999,0.033715338500000004,0.03312766275
figshare/0412.png,1,0.032130348749999996,0.9366749825,0.031194677875
figshare/1479.png,2,0.03159167725,0.03089725425,0.9375110750000001
figshare/0594.png,1,0.03185672875,0.936659905,0.031483358875
figshare/1111.png,2,0.03161008275,0.0308715035,0.9375184187499999
figshare/1491.png,2,0.031539709,0.030650637625,0.9378096587500001
figshare/1609.png,2,0.03152552425,0.031005859500000003,0.9374686175
figshare/1436.png,2,0.032522206124999994,0.0381021155,0.92937566375
figshare/2803.png,0,0.9331124887500001,0.034087465,0.03280002675
figshare/1732.png,2,0.033680299125,0.031159455500000002,0.9351602562499999
figshare/1911.png,0,0.9327321862500001,0.033996424,0.033271393625000006
figshare/1843.png,0,0.9327334899999999,0.034024519249999996,0.033241969125
figshare/2555.png,0,0.93208838625,0.034660371875,0.03325126725
figshare/1366.png,2,0.03148354925,0.030729918374999998,0.9377865175000001
figshare/2721.png,0,0.9329208824999999,0.033858688500000005,0.03322043275
figshare/1715.png,2,0.03139460975,0.031198487875,0.9374068987500002
figshare/0924.png,2,0.031996692875,0.031554714,0.93644857375
figshare/0523.png,1,0.032943992625,0.9353493325,0.031706696
figshare/0245.png,1,0.033983859375,0.9348760387499999,0.031140104000000005
figshare/1077.png,2,0.032133927625,0.031187200625,0.9366788837500001
figshare/1185.png,2,0.031539485875,0.031175075875,0.937285435
figshare/2413.png,0,0.9309285825,0.036927331,0.032144080125
figshare/1239.png,2,0.032094330375,0.031063256375,0.9368424175000001
figshare/1023.png,2,0.031556453875,0.032235537999999994,0.9362080199999999
figshare/2080.png,0,0.9307678475000001,0.03627405887500001,0.032958088
figshare/2495.png,0,0.93252584875,0.034334520125,0.033139658
figshare/1451.png,2,0.031219984375000003,0.032691227625,0.9360888100000001
figshare/0864.png,0,0.9328428649999999,0.03428023025,0.032876901125
figshare/0693.png,1,0.032531715749999995,0.936098015,0.031370280625000004
figshare/2161.png,0,0.9329553362499999,0.033954012375,0.033090667000000004
figshare/0559.png,1,0.036781558,0.77884743625,0.184371016875
figshare/2981.png,0,0.93220847375,0.034400773875,0.033390753875
figshare/1147.png,2,0.03135619075,0.032456114375,0.9361876825000001
figshare/0312.png,1,0.032220295499999996,0.9366022549999999,0.031177435875000003
figshare/0112.png,1,0.0340656415,0.8481830525000001,0.117751314
figshare/2512.png,0,0.9332812300000001,0.03393404475,0.032784753500000006
figshare/1460.png,2,0.031625673625,0.030632918999999995,0.9377414175
figshare/0176.png,1,0.032594309,0.9367011737500001,0.030704498875
figshare/0046.png,1,0.032398113,0.9362868925,0.031315003125
figshare/0991.png,2,0.03155679125,0.030876560375,0.9375666537499999
figshare/3028.png,0,0.9328554925,0.0341603805,0.0329841005
figshare/0800.png,0,0.93295691125,0.034450071,0.032593000125
figshare/2496.png,0,0.93253572,0.034155646625,0.033308634375
figshare/2909.png,0,0.9329305999999999,0.034216176125000004,0.032853235875
figshare/1852.png,0,0.9325882362500001,0.034648965749999996,0.03276280225
figshare/1521.png,2,0.031496270625,0.030499973125000003,0.938003735
figshare/1283.png,2,0.031518130000000005,0.03242213687499999,0.93605973875
figshare/2825.png,0,0.9312035187500001,0.036161728000000004,0.032634771875
figshare/0030.png,1,0.0317660905,0.9367958349999999,0.031438068124999996
figshare/0931.png,2,0.031535480750000004,0.030878702999999997,0.9375858
figshare/2742.png,0,0.9329734725,0.03420092375,0.03282558525
figshare/2195.png,0,0.931750275,0.035891866875000004,0.032357863625
figshare/2355.png,0,0.9332298349999999,0.03392545675,0.03284469225
figshare/0401.png,1,0.03243949275000001,0.9362242374999998,0.031336267625
figshare/2944.png,0,0.93306719125,0.0338892435,0.033043554625
figshare/0746.png,0,0.93301314,0.034200601625,0.032786262625
figshare/0738.png,0,0.93300948125,0.034564404125,0.032426123625
figshare/2881.png,0,0.9330048274999999,0.034023081125,0.032972103625
figshare/0950.png,2,0.03150421025,0.032454590624999995,0.9360412049999999
figshare/2822.png,0,0.93197237,0.03525101325,0.032776624875
figshare/0099.png,1,0.13789631324999999,0.55283415375,0.30926954137499996
figshare/1645.png,2,0.0315636455,0.0306035465,0.93783278625
figshare/1259.png,2,0.031387953,0.031724469,0.9368875837500001
figshare/0577.png,1,0.15914949462499997,0.7919518568749999,0.0488986555
figshare/0889.png,0,0.93300949125,0.034504894875,0.032485615375000006
figshare/0003.png,1,0.03224429475,0.9360982687500001,0.031657432875
figshare/2656.png,0,0.93283382875,0.034575289125000006,0.032590865875
figshare/0500.png,1,0.034476642125,0.8703591925,0.09516415675000002
figshare/2443.png,0,0.93248304125,0.03386515125,0.033651836250000004
figshare/1774.png,2,0.03180421375,0.030427127625,0.93776867
figshare/2235.png,0,0.9331350825,0.033987347,0.032877588250000006
figshare/2086.png,0,0.93317856625,0.0336598145,0.033161620625
figshare/0918.png,2,0.031548243000000004,0.03065948825,0.9377922474999999
figshare/0834.png,0,0.932862345,0.034531258,0.03260638600000001
figshare/0354.png,1,0.03429837249999999,0.933238125,0.03246348499999999
figshare/0382.png,1,0.03282108925,0.93565320875,0.031525692
figshare/0483.png,1,0.032304805625,0.9365500575000001,0.0311451275
figshare/1784.png,2,0.031416608124999995,0.030803759375,0.93777965125
figshare/1845.png,0,0.932671,0.034831227374999996,0.0324978035
figshare/2843.png,0,0.9331192812499999,0.034220502375,0.032660229374999995
figshare/0316.png,1,0.03254301275,0.9361099737500002,0.031347003750000005
figshare/2034.png,0,0.9328901300000001,0.034641950375,0.032467903
figshare/2530.png,0,0.93281530625,0.0336583335,0.033526359250000005
figshare/1556.png,2,0.03148466899999999,0.03170432275,0.93681103625
figshare/1002.png,2,0.031248285875000004,0.031404730875,0.9373469775000001
figshare/2433.png,0,0.93294091125,0.03394912475,0.033109947625
figshare/0408.png,1,0.032053716625,0.93667266125,0.031273614125
figshare/1582.png,2,0.032313100375,0.030320269375,0.9373666325
figshare/2253.png,0,0.932748235,0.033842114875,0.033409644875
figshare/0341.png,1,0.032322438125,0.9367815587499999,0.030895998375
figshare/0745.png,0,0.9328085912499998,0.034359010875,0.03283239975
figshare/2144.png,0,0.93303153875,0.034022104625,0.032946346
figshare/2452.png,0,0.9325656687499999,0.033795227875,0.033639137625
figshare/1205.png,2,0.0314512185,0.031770657625,0.9367781325000001
figshare/2844.png,0,0.9329419125,0.03437012137499999,0.032687962625
figshare/0132.png,1,0.033276802749999994,0.93559949,0.031123707249999997
figshare/2236.png,0,0.93290457375,0.03430478425,0.032790647374999995
figshare/0368.png,1,0.032858313125,0.9365094312499999,0.03063224225
figshare/0319.png,1,0.032688061000000004,0.9364971274999999,0.030814826125000003
figshare/2337.png,0,0.9330599862499999,0.034216985875,0.03272304275
figshare/2918.png,0,0.9327659387500001,0.034239088875,0.032994968624999996
figshare/2791.png,0,0.9320939325,0.03523632975,0.03266976775
figshare/0648.png,1,0.032697949625,0.9361224112499998,0.03117964275
figshare/2952.png,0,0.93324100125,0.03418267875,0.032576320624999995
figshare/0737.png,0,0.93288687375,0.034505909875,0.032607219
figshare/0091.png,1,0.035061730625,0.9329778775,0.031960384499999994
figshare/2448.png,0,0.9325295437499999,0.0349064965,0.0325639545
figshare/2997.png,0,0.93279033625,0.033755156125,0.033454527625
figshare/1525.png,2,0.03299557625,0.030057786125,0.93694664875
figshare/1770.png,2,0.031863558625,0.034567367625,0.9335690874999999
figshare/2066.png,0,0.9330839649999999,0.03387677775,0.033039267250000004
figshare/2009.png,0,0.93260638375,0.0348317505,0.03256188675
figshare/0986.png,2,0.03135902075,0.031339987375,0.93730099875
figshare/1560.png,2,0.031490337125,0.0304840505,0.9380255974999999
figshare/0275.png,1,0.032375140625,0.9365077175,0.031117138124999996
figshare/2418.png,0,0.9326275962500001,0.034062011375,0.03331038075
figshare/0477.png,1,0.15317967424999998,0.808857275,0.037963053125
figshare/2145.png,0,0.9328993975000001,0.0342336565,0.03286698675
figshare/0877.png,0,0.9329889474999999,0.0344734715,0.03253759225
figshare/1304.png,2,0.031431170875,0.03154376725,0.9370250575
figshare/1312.png,2,0.031379982,0.032661194625,0.9359588412500001
figshare/1501.png,2,0.031480815625,0.031260293,0.9372589
figshare/0879.png,0,0.93302105,0.0342528485,0.0327261035
figshare/2281.png,0,0.93255661,0.034122022999999994,0.033321389374999996
figshare/2403.png,0,0.93285071375,0.033873286249999995,0.033275974
figshare/0910.png,0,0.932817565,0.034562847875000004,0.032619558125
figshare/1812.png,2,0.03165250725,0.0308399335,0.93750758125
figshare/0338.png,1,0.032464284625000006,0.9363318787499999,0.031203825375000004
figshare/2808.png,0,0.9325346324999999,0.03458418725,0.032881163
figshare/0811.png,0,0.9326011025000001,0.034853706250000005,0.032545172875
figshare/0914.png,0,0.93292025,0.034567780875,0.03251196
figshare/0195.png,1,0.032291551,0.93626511,0.03144334125
figshare/0194.png,1,0.032402031000000005,0.9361630825,0.03143489375
figshare/0145.png,1,0.032847224625,0.9355726287499999,0.031580162249999995
figshare/2309.png,0,0.9328406999999999,0.034711090624999996,0.032448218125000004
figshare/0547.png,1,0.032779802375,0.9356916024999999,0.03152861025
figshare/1636.png,2,0.0314801265,0.031485251875,0.93703458875
figshare/2743.png,0,0.93300507,0.03375154675,0.03324340075
figshare/1419.png,2,0.031598419875,0.03554137425,0.9328601925
figshare/1012.png,2,0.031679435750000005,0.030857413375,0.93746316
figshare/0650.png,1,0.03247813975,0.9359463962500001,0.031575454875000006
figshare/3042.png,0,0.93301628625,0.034143253,0.032840455375
figshare/0398.png,1,0.032337661,0.9363328925,0.031329420875
figshare/2023.png,0,0.9331017125,0.03402932725,0.032868973249999996
figshare/0635.png,1,0.085899401,0.88192210625,0.032178497875
figshare/1290.png,2,0.031169647374999998,0.03214725525,0.93668307875
figshare/1004.png,2,0.031413972625,0.03151606575,0.93706993125
figshare/0562.png,1,0.035190642375000004,0.9326210287499999,0.032188326875
figshare/2857.png,0,0.93288315125,0.0340991275,0.033017718625000005
figshare/2588.png,0,0.9326750125,0.0336480825,0.033676902625000005
figshare/0969.png,2,0.03078252225,0.034670906125,0.9345465774999999
figshare/0682.png,1,0.031991050875,0.9361343625000002,0.031874576125
figshare/2311.png,0,0.9325853562499999,0.0348860485,0.032528575375
figshare/2485.png,0,0.93291152125,0.033980414125,0.033108040125
figshare/0882.png,0,0.92999259125,0.036338535750000005,0.033668868250000004
figshare/0819.png,0,0.93272955375,0.034834815125,0.0324356105
figshare/3063.png,1,0.19642269575,0.75624746675,0.04732983675
figshare/1056.png,2,0.031671644,0.030939677750000005,0.9373886637500001
figshare/1976.png,0,0.9316065675,0.035051080750000005,0.033342352750000005
figshare/2069.png,0,0.9331713487500001,0.03397210125,0.032856581625
figshare/2658.png,0,0.93309161125,0.034045047,0.0328633665
figshare/1751.png,2,0.03154478275,0.031142523874999998,0.937312665
figshare/0724.png,0,0.92506081375,0.035372629125,0.039566541
figshare/0961.png,2,0.031986820624999995,0.031459427125,0.936553735
figshare/2333.png,0,0.93255732875,0.034957544624999996,0.032485109375
figshare/0636.png,1,0.033811467125,0.9355132937499999,0.030675224875
figshare/1892.png,0,0.9328541512499999,0.034118406750000004,0.0330274415
figshare/2504.png,0,0.93293471,0.034114677625,0.032950618125
figshare/2508.png,0,0.9308219187499999,0.035664598125,0.033513467375
figshare/2004.png,0,0.932897445,0.034148351125,0.03295421600000001
figshare/1775.png,2,0.032879895125,0.030274927625,0.93684516875
figshare/2930.png,0,0.9325228112500001,0.03503382075,0.032443372750000005
figshare/2350.png,0,0.9329647999999999,0.033803983999999995,0.033231206
figshare/1927.png,0,0.93295010875,0.03376826925,0.033281613249999994
figshare/0173.png,1,0.0326974155,0.93604728125,0.03125531325000001
figshare/2740.png,0,0.9332072999999999,0.033733437375,0.033059285375000004
figshare/0179.png,1,0.034432764875,0.9342727874999999,0.031294434375
figshare/2501.png,0,0.9329475275,0.03455613625,0.032496354624999994
figshare/0770.png,0,0.93278861125,0.03460644375,0.032604961125
figshare/1180.png,2,0.031501597,0.030887298375,0.9376111
figshare/1536.png,2,0.031426870625,0.03094222675,0.9376309075000001
figshare/0786.png,0,0.9331095450000001,0.034005579625,0.032884880374999995
figshare/1880.png,0,0.93258421,0.03443171075,0.03298406875
figshare/1587.png,2,0.03278460175,0.030051756875000002,0.9371636637499999
figshare/1959.png,0,0.9325401074999999,0.034426255125,0.033033651750000004
figshare/0973.png,2,0.10849719862499999,0.297028774,0.59447401625
figshare/1675.png,2,0.03147071275,0.031555513125000004,0.9369737599999999
figshare/0247.png,1,0.032170274625,0.87908517,0.088744561375
figshare/1727.png,2,0.031935728,0.032048722125,0.9360155425
figshare/1397.png,2,0.03171363587499999,0.031437376125,0.93684901125
figshare/1131.png,2,0.031587366625,0.032073975,0.93633864625
figshare/1325.png,2,0.031529253125,0.031091445875,0.9373793037500001
figshare/2479.png,0,0.9325304675,0.034906642499999994,0.032562890625
figshare/0916.png,0,0.9330577125,0.034508267625,0.032434000875
