path,group,label,seed,fold,prob_0,prob_1,prob_2
figshare/2399.png,fs_MR029209I,0,11,-1,0.9353726,0.03210083,0.032526635
figshare/2269.png,fs_MR049358,0,11,-1,0.9354999,0.03336768,0.031132404
figshare/0978.png,fs_110993,2,11,-1,0.031384543,0.031277463,0.93733805
figshare/0090.png,fs_106914,1,11,-1,0.03022914,0.9390061,0.030764798
figshare/0441.png,fs_99308,1,11,-1,0.029751122,0.93871754,0.031531304
figshare/1786.png,fs_97599,2,11,-1,0.031393457,0.031232964,0.93737364
figshare/0627.png,fs_113435,1,11,-1,0.028904596,0.9391314,0.03196396
figshare/2391.png,fs_MR017260F,0,11,-1,0.93566835,0.03208731,0.032244347
figshare/2774.png,fs_MR039473,0,11,-1,0.9334387,0.035754256,0.030807018
figshare/2173.png,fs_MR037458B,0,11,-1,0.9348657,0.03359402,0.031540263
figshare/2567.png,fs_MR051651,0,11,-1,0.9353594,0.03232035,0.03232035
figshare/0644.png,fs_114018,1,11,-1,0.029642746,0.93897,0.031387202
figshare/1913.png,fs_MR049104B,0,11,-1,0.935565,0.032107245,0.032327786
figshare/1342.png,fs_103837,2,11,-1,0.030961536,0.031835362,0.93720305
figshare/2900.png,fs_MR050687,0,11,-1,0.9347347,0.032887608,0.032377698
figshare/2525.png,fs_MR017260F,0,11,-1,0.93568313,0.03207997,0.032236993
figshare/1497.png,fs_103257,2,11,-1,0.031510957,0.031273473,0.93721557
figshare/0887.png,fs_93329,0,11,-1,0.935666,0.031868584,0.0324654
figshare/0178.png,fs_97607,1,11,-1,0.029834025,0.9389474,0.031218627
figshare/0673.png,fs_97793,1,11,-1,0.034278702,0.933435,0.03228625
figshare/1790.png,fs_97890,2,11,-1,0.031285554,0.032050997,0.9366634
figshare/2332.png,fs_MR026175C,0,11,-1,0.93568313,0.03211127,0.0322056
figshare/0183.png,fs_97737,1,11,-1,0.030366622,0.9382106,0.031422753
figshare/3024.png,fs_MR034997,0,11,-1,0.9351741,0.03293518,0.031890713
figshare/0162.png,fs_113554,1,11,-1,0.02988673,0.9388535,0.031259727
figshare/0756.png,fs_101020,0,11,-1,0.9353577,0.03252652,0.032115765
figshare/0391.png,fs_113554,1,11,-1,0.03028167,0.9374366,0.03228174
figshare/1499.png,fs_103478,2,11,-1,0.03108406,0.03189945,0.9370165
figshare/1534.png,fs_104019,2,11,-1,0.031227592,0.032014996,0.93675745
figshare/0089.png,fs_106914,1,11,-1,0.029569536,0.93984795,0.030582491
figshare/3058.png,fs_MR029209I,0,11,-1,0.9357544,0.031848267,0.03239728
figshare/0893.png,fs_94731,0,11,-1,0.9262773,0.041085266,0.032637436
figshare/0912.png,fs_98889,0,11,-1,0.93593264,0.031994607,0.032072805
figshare/0110.png,fs_108514,1,11,-1,0.030849349,0.9369942,0.032156453
figshare/2234.png,fs_MR033420,0,11,-1,0.9354154,0.031697094,0.032887466
figshare/1339.png,fs_103731,2,11,-1,0.03140346,0.031151466,0.93744504
figshare/2718.png,fs_MR039473B,0,11,-1,0.93560886,0.032014787,0.03237635
figshare/1193.png,fs_107505,2,11,-1,0.03168323,0.03148287,0.9368339
figshare/1870.png,fs_MR048994,0,11,-1,0.9363114,0.031696714,0.031991918
figshare/2924.png,fs_MR051461,0,11,-1,0.93566823,0.03206377,0.032267973
figshare/1256.png,fs_112746,2,11,-1,0.031103373,0.0317556,0.93714094
figshare/2439.png,fs_MR048994,0,11,-1,0.93542534,0.032173023,0.032401707
figshare/1114.png,fs_111075,2,11,-1,0.03115964,0.031836774,0.9370036
figshare/2299.png,fs_MR049453B,0,11,-1,0.9352391,0.03211958,0.032641303
figshare/0415.png,fs_97875,1,11,-1,0.031105839,0.9366317,0.03226249
figshare/2242.png,fs_MR048994,0,11,-1,0.9354457,0.032009207,0.03254503
figshare/0709.png,fs_105936,2,11,-1,0.031664684,0.031135716,0.9371996
figshare/2375.png,fs_MR040240D,0,11,-1,0.9360721,0.032393456,0.031534433
figshare/0122.png,fs_109968,1,11,-1,0.029569618,0.93939483,0.031035522
figshare/0172.png,fs_114359,1,11,-1,0.029155225,0.93895006,0.03189471
figshare/1950.png,fs_MR050135B,0,11,-1,0.93610656,0.03217288,0.03172057
figshare/2777.png,fs_MR039473,0,11,-1,0.935403,0.032416716,0.03218028
figshare/0419.png,fs_97943,1,11,-1,0.02955963,0.9395373,0.030903053
figshare/1318.png,fs_103582,2,11,-1,0.030858487,0.03254538,0.9365961
figshare/1819.png,fs_98992,2,11,-1,0.030614935,0.03359089,0.93579423
figshare/2230.png,fs_MR033420,0,11,-1,0.93610144,0.032409422,0.031489134
figshare/2564.png,fs_MR051644,0,11,-1,0.93507516,0.031856216,0.033068657
figshare/2006.png,fs_MR051586,0,11,-1,0.9355935,0.03231349,0.03209298
figshare/1462.png,fs_101029,2,11,-1,0.03122913,0.03197016,0.9368007
figshare/0343.png,fs_109968,1,11,-1,0.029765625,0.9396436,0.030590827
figshare/1356.png,fs_104558,2,11,-1,0.030727893,0.03321667,0.9360555
figshare/2247.png,fs_MR049142,0,11,-1,0.93602026,0.032060146,0.0319196
figshare/0993.png,fs_111785,2,11,-1,0.03112555,0.031980656,0.9368938
figshare/1305.png,fs_103257,2,11,-1,0.030685008,0.032744296,0.93657064
figshare/2852.png,fs_MR048994,0,11,-1,0.93548834,0.03190146,0.03261016
figshare/2150.png,fs_MR038469,0,11,-1,0.93605447,0.032550402,0.031395175
figshare/2959.png,fs_MR051651B,0,11,-1,0.93489826,0.032288633,0.03281313
figshare/1435.png,fs_98992,2,11,-1,0.030684344,0.033237237,0.9360784
figshare/1062.png,fs_107743,2,11,-1,0.030800734,0.03344208,0.93575716
figshare/0345.png,fs_110116,1,11,-1,0.032179553,0.92927414,0.0385463
figshare/0943.png,fs_107505,2,11,-1,0.031412087,0.03134322,0.93724465
figshare/0039.png,fs_103673,1,11,-1,0.029439002,0.93844855,0.032112435
figshare/0156.png,fs_113435,1,11,-1,0.029509999,0.93975985,0.030730147
figshare/1302.png,fs_103046,2,11,-1,0.031307727,0.031591818,0.9371005
figshare/2059.png,fs_MR051796B,0,11,-1,0.93525016,0.0339406,0.030809177
figshare/1097.png,fs_110518,2,11,-1,0.031398468,0.031306595,0.93729496
figshare/2183.png,fs_MR039473B,0,11,-1,0.93550456,0.03198002,0.032515325
figshare/1443.png,fs_98995,2,11,-1,0.030894648,0.032783143,0.93632215
figshare/1922.png,fs_MR024780G,0,11,-1,0.9358411,0.032701902,0.031456985
figshare/2748.png,fs_MR031409B,0,11,-1,0.93443835,0.034946702,0.030614961
figshare/0186.png,fs_97875,1,11,-1,0.03846933,0.034486808,0.9270439
figshare/1415.png,fs_98472,2,11,-1,0.031069472,0.03189955,0.937031
figshare/0214.png,fs_100360,1,11,-1,0.029282905,0.938961,0.03175605
figshare/0297.png,fs_106534,1,11,-1,0.032659672,0.93584466,0.0314956
figshare/2243.png,fs_MR048994,0,11,-1,0.9355789,0.031982515,0.032438613
figshare/0027.png,fs_102675,1,11,-1,0.030667612,0.936043,0.033289317
figshare/1602.png,fs_98472,2,11,-1,0.031056223,0.032309134,0.93663466
figshare/1194.png,fs_107743,2,11,-1,0.031353638,0.03200494,0.9366414
figshare/2908.png,fs_MR050791B,0,11,-1,0.93517655,0.03198445,0.03283892
figshare/0942.png,fs_107505,2,11,-1,0.031609893,0.031211197,0.93717885
figshare/1626.png,fs_98992,2,11,-1,0.030470008,0.033596847,0.9359331
figshare/2410.png,fs_MR048297,0,11,-1,0.9353272,0.03258942,0.03208337
figshare/1557.png,fs_105187,2,11,-1,0.03147132,0.03111986,0.9374088
figshare/2929.png,fs_MR051586,0,11,-1,0.93515205,0.03250319,0.032344755
figshare/0797.png,fs_88670,0,11,-1,0.935274,0.031987727,0.03273827
figshare/2707.png,fs_MR037458B,0,11,-1,0.9359033,0.03204052,0.032056138
figshare/2840.png,fs_MR048944,0,11,-1,0.93553555,0.03209061,0.03237384
figshare/2366.png,fs_MR040240C,0,11,-1,0.9356512,0.03187584,0.032472983
figshare/2522.png,fs_MR040240C,0,11,-1,0.93492925,0.032384433,0.03268633
figshare/1184.png,fs_107429,2,11,-1,0.030543618,0.033553664,0.93590266
figshare/3050.png,fs_MR017260F,0,11,-1,0.93486834,0.033250656,0.031880915
figshare/2116.png,fs_MR034997,0,11,-1,0.9354328,0.03237034,0.032196864
figshare/0836.png,fs_101384,0,11,-1,0.936063,0.031765543,0.032171413
figshare/0180.png,fs_97737,1,11,-1,0.029864725,0.93906605,0.031069221
figshare/2385.png,fs_MR017260F,0,11,-1,0.9355359,0.032200642,0.03226342
figshare/1693.png,fs_103582,2,11,-1,0.030438311,0.03369193,0.9358698
figshare/1461.png,fs_101017,2,11,-1,0.030261194,0.033849616,0.9358891
figshare/2696.png,fs_MR032322C,0,11,-1,0.9351357,0.032186754,0.032677535
figshare/0812.png,fs_97609,0,11,-1,0.93556523,0.032107268,0.032327503
figshare/1295.png,fs_102648,2,11,-1,0.031631827,0.03099731,0.9373709
figshare/2544.png,fs_MR048294,0,11,-1,0.9352672,0.03271406,0.032018714
figshare/1848.png,fs_MR048294,0,11,-1,0.9355205,0.032420754,0.03205868
figshare/1466.png,fs_101029,2,11,-1,0.03123741,0.03193916,0.9368234
figshare/2401.png,fs_MR029209I,0,11,-1,0.93563914,0.03212543,0.03223543
figshare/1422.png,fs_98652,2,11,-1,0.0312197,0.03203046,0.9367498
figshare/0438.png,fs_99308,1,11,-1,0.029649753,0.9373542,0.032995984
figshare/2886.png,fs_MR024780G,0,11,-1,0.93569326,0.031752996,0.0325537
figshare/2414.png,fs_MR048297,0,11,-1,0.9360497,0.03196737,0.031982977
figshare/1364.png,fs_104684,2,11,-1,0.03162928,0.03132137,0.9370493
figshare/1513.png,fs_103670,2,11,-1,0.031220103,0.031789266,0.9369906
figshare/0842.png,fs_103148,0,11,-1,0.04263713,0.923292,0.034070898
figshare/2755.png,fs_MR038469,0,11,-1,0.9341056,0.03396169,0.031932727
figshare/2524.png,fs_MR017260F,0,11,-1,0.9353442,0.03222532,0.0324305
figshare/1350.png,fs_104019,2,11,-1,0.029773194,0.034780588,0.9354462
figshare/1619.png,fs_98874,2,11,-1,0.030855678,0.03286174,0.93628263
figshare/1604.png,fs_98472,2,11,-1,0.03145896,0.031729013,0.936812
figshare/2406.png,fs_MR048294,0,11,-1,0.9359982,0.031918816,0.0320829
figshare/1893.png,fs_MR048944B,0,11,-1,0.9330784,0.03612645,0.030795138
figshare/2837.png,fs_MR048621B,0,11,-1,0.9341664,0.034866437,0.030967245
figshare/0192.png,fs_98241,1,11,-1,0.029727627,0.93890417,0.03136815
figshare/1624.png,fs_98992,2,11,-1,0.031202016,0.032350056,0.936448
figshare/0206.png,fs_99308,1,11,-1,0.03011356,0.9381733,0.031713124
figshare/2124.png,fs_MR029209E,0,11,-1,0.93518996,0.031922415,0.03288766
figshare/0124.png,fs_110116,1,11,-1,0.029890139,0.937122,0.032987874
figshare/0699.png,fs_99308,1,11,-1,0.030460823,0.9369882,0.032550976
figshare/0780.png,fs_112027,0,11,-1,0.9344708,0.033708848,0.03182035
figshare/2259.png,fs_MR048944B,0,11,-1,0.9356978,0.03220603,0.03209611
figshare/2187.png,fs_MR037458C,0,11,-1,0.9352111,0.032505166,0.03228368
figshare/1034.png,fs_105936,2,11,-1,0.03173075,0.031177755,0.93709147
figshare/1691.png,fs_103478,2,11,-1,0.03137637,0.031529963,0.93709373
figshare/2590.png,fs_MR052550,0,11,-1,0.9355804,0.032217693,0.03220193
figshare/2999.png,fs_MR053110B,0,11,-1,0.93579614,0.031710017,0.03249383
figshare/0599.png,fs_112002,1,11,-1,0.934224,0.0340572,0.031718876
figshare/0741.png,fs_112105,0,11,-1,0.9354067,0.03191428,0.03267903
figshare/2976.png,fs_MR052550,0,11,-1,0.9348452,0.03318182,0.03197303
figshare/0053.png,fs_104281,1,11,-1,0.030537741,0.9380166,0.031445675
figshare/1038.png,fs_106062,2,11,-1,0.03081749,0.032233737,0.9369488
figshare/0144.png,fs_112552,1,11,-1,0.03109179,0.9347108,0.034197375
figshare/0610.png,fs_112552,1,11,-1,0.028718214,0.93947804,0.031803705
figshare/0565.png,fs_108514,1,11,-1,0.029613435,0.9380058,0.032380786
figshare/2730.png,fs_MR037458C,0,11,-1,0.033243574,0.9348265,0.031929955
figshare/2019.png,fs_MR051644,0,11,-1,0.93520576,0.033073284,0.031720966
figshare/1643.png,fs_101017,2,11,-1,0.03135381,0.031769868,0.9368763
figshare/2600.png,fs_MR051644C,0,11,-1,0.9357606,0.031778567,0.03246081
figshare/2701.png,fs_MR032322C,0,11,-1,0.9358272,0.03177306,0.032399714
figshare/3012.png,fs_MR054875,0,11,-1,0.9334689,0.03463837,0.031892836
figshare/2704.png,fs_MR037458B,0,11,-1,0.93588865,0.032071378,0.03203999
figshare/3013.png,fs_MR054875,0,11,-1,0.934281,0.035034396,0.030684635
figshare/2273.png,fs_MR049453,0,11,-1,0.9354032,0.03219589,0.032400884
figshare/0828.png,fs_101020,0,11,-1,0.033179853,0.9350554,0.031764828
figshare/2643.png,fs_MR049242C,0,11,-1,0.9359177,0.032056652,0.032025702
figshare/1001.png,fs_112649,2,11,-1,0.030969564,0.032726366,0.936304
figshare/2013.png,fs_MR051461B,0,11,-1,0.9365643,0.03145834,0.03197724
figshare/1546.png,fs_104684,2,11,-1,0.03036857,0.03384553,0.9357859
figshare/1716.png,fs_103837,2,11,-1,0.03107071,0.032316707,0.93661255
figshare/0276.png,fs_104281,1,11,-1,0.030302633,0.9380932,0.03160418
figshare/1661.png,fs_101724,2,11,-1,0.03168104,0.032464147,0.93585485
figshare/0841.png,fs_103148,0,11,-1,0.933491,0.03461212,0.031896867
figshare/1178.png,fs_107495,2,11,-1,0.030807845,0.03276357,0.93642855
figshare/1672.png,fs_102669,2,11,-1,0.031547166,0.03176354,0.93668926
figshare/2275.png,fs_MR049453,0,11,-1,0.9358289,0.031881895,0.032289255
figshare/0351.png,fs_111077,1,11,-1,0.03063315,0.9368216,0.032545276
figshare/0849.png,fs_106494,0,11,-1,0.9339832,0.033395447,0.032621335
figshare/1441.png,fs_98992,2,11,-1,0.03308051,0.0319841,0.93493545
figshare/2789.png,fs_MR040240,0,11,-1,0.934929,0.032464307,0.03260661
figshare/1580.png,fs_97416,2,11,-1,0.031190207,0.031573296,0.93723655
figshare/1353.png,fs_104558,2,11,-1,0.031034168,0.03253945,0.9364264
figshare/2264.png,fs_MR049358,0,11,-1,0.93512225,0.032327957,0.03254976
figshare/2671.png,fs_MR053110E,0,11,-1,0.9355501,0.032059774,0.032390174
figshare/0420.png,fs_97943,1,11,-1,0.02945771,0.9395046,0.031037629
figshare/0347.png,fs_110116,1,11,-1,0.030188402,0.93803906,0.031772465
figshare/1932.png,fs_MR024780G,0,11,-1,0.93614936,0.031629182,0.032221526
figshare/1416.png,fs_98472,2,11,-1,0.031136313,0.031874686,0.936989
figshare/2179.png,fs_MR039473B,0,11,-1,0.9353908,0.031588275,0.033020966
figshare/2689.png,fs_MR032322C,0,11,-1,0.93551874,0.031933635,0.03254757
figshare/0123.png,fs_109968,1,11,-1,0.03033112,0.93849695,0.03117193
figshare/1960.png,fs_MR050135B,0,11,-1,0.93513584,0.03264583,0.032218322
figshare/1682.png,fs_103257,2,11,-1,0.03108979,0.032178655,0.9367316
figshare/0928.png,fs_107495,2,11,-1,0.03109879,0.031898506,0.93700266
figshare/0538.png,fs_106665,1,11,-1,0.028919827,0.9391625,0.031917684
figshare/1868.png,fs_MR048944,0,11,-1,0.93581396,0.031865817,0.03232026
figshare/2609.png,fs_MR049942B,0,11,-1,0.9350337,0.032419726,0.032546587
figshare/2812.png,fs_MR033420,0,11,-1,0.9354534,0.03202509,0.03252147
figshare/2481.png,fs_MR033420,0,11,-1,0.93606347,0.03181218,0.032124322
figshare/0052.png,fs_104281,1,11,-1,0.030471401,0.93825865,0.03126998
figshare/2415.png,fs_MR048294B,0,11,-1,0.9354477,0.03221312,0.0323392
figshare/0714.png,fs_106062,2,11,-1,0.03132403,0.03177838,0.9368976
figshare/0520.png,fs_105937,1,11,-1,0.02991084,0.93779516,0.03229402
figshare/2518.png,fs_MR040240C,0,11,-1,0.93513554,0.032170914,0.032693617
figshare/1060.png,fs_107743,2,11,-1,0.031086773,0.03181625,0.93709695
figshare/0274.png,fs_104167,1,11,-1,0.029879488,0.93817425,0.031946257
figshare/2553.png,fs_MR051461B,0,11,-1,0.9361222,0.03181413,0.032063693
figshare/0385.png,fs_113435,1,11,-1,0.028969407,0.93893343,0.032097194
figshare/2956.png,fs_MR051651B,0,11,-1,0.9359172,0.0318849,0.03219789
figshare/0436.png,fs_99089,1,11,-1,0.030446855,0.9365524,0.033000685
figshare/0970.png,fs_109898,2,11,-1,0.030796265,0.03267105,0.9365326
figshare/1671.png,fs_102648,2,11,-1,0.031686638,0.031149728,0.9371636
figshare/0486.png,fs_102818,1,11,-1,0.030264132,0.93781745,0.03191848
figshare/2603.png,fs_MR051644C,0,11,-1,0.9358442,0.031960405,0.03219538
figshare/0453.png,fs_100920,1,11,-1,0.029963192,0.93806314,0.031973742
figshare/0655.png,fs_114417,1,11,-1,0.030559808,0.93777156,0.031668548
figshare/2198.png,fs_MR040240,0,11,-1,0.93528533,0.032381088,0.032333594
figshare/1018.png,fs_114361,2,11,-1,0.030978708,0.032213017,0.9368082
figshare/0976.png,fs_110993,2,11,-1,0.031252883,0.03145957,0.9372875
figshare/2521.png,fs_MR040240C,0,11,-1,0.9349694,0.032102436,0.032928064
figshare/1105.png,fs_110537,2,11,-1,0.031172566,0.031663463,0.93716395
figshare/2392.png,fs_MR017260F,0,11,-1,0.9356611,0.032173373,0.03216554
figshare/0645.png,fs_114018,1,11,-1,0.029697131,0.93930185,0.03100099
figshare/1621.png,fs_98992,2,11,-1,0.03001112,0.035001986,0.9349869
figshare/1322.png,fs_103582,2,11,-1,0.031006217,0.03181132,0.9371825
figshare/2994.png,fs_MR049942B,0,11,-1,0.93522584,0.0323316,0.03244257
figshare/2191.png,fs_MR037458C,0,11,-1,0.93503284,0.032642085,0.032325123
figshare/0588.png,fs_111077,1,11,-1,0.030417515,0.93744016,0.032142397
figshare/1614.png,fs_98871,2,11,-1,0.031119961,0.032383442,0.9364966
figshare/1125.png,fs_111785,2,11,-1,0.030427366,0.034057833,0.9355148
figshare/0806.png,fs_90284,0,11,-1,0.93545705,0.03270486,0.03183812
figshare/1710.png,fs_103731,2,11,-1,0.031802576,0.031043122,0.9371543
figshare/1943.png,fs_MR049453B,0,11,-1,0.93568915,0.03197085,0.032340035
figshare/0651.png,fs_114359,1,11,-1,0.028898716,0.93985426,0.031247074
figshare/1031.png,fs_101029,2,11,-1,0.031504683,0.03100868,0.93748665
figshare/2798.png,fs_MR040240B,0,11,-1,0.93582445,0.031649087,0.03252643
figshare/2192.png,fs_MR037458C,0,11,-1,0.9352248,0.032616973,0.032158285
figshare/1073.png,fs_108931,2,11,-1,0.03135223,0.031590365,0.93705744
figshare/1564.png,fs_105475,2,11,-1,0.031060517,0.032639183,0.9363003
figshare/2948.png,fs_MR051796,0,11,-1,0.9356383,0.032000184,0.032361567
figshare/0387.png,fs_113435,1,11,-1,0.028899131,0.93895584,0.032145023
figshare/0564.png,fs_108514,1,11,-1,0.92798984,0.03991556,0.032094635
figshare/0207.png,fs_99308,1,11,-1,0.02966781,0.93882805,0.031504117
figshare/0355.png,fs_111366,1,11,-1,0.03044857,0.93756336,0.031988025
figshare/0799.png,fs_90284,0,11,-1,0.9342578,0.03299962,0.032742642
figshare/0620.png,fs_112650,1,11,-1,0.030344978,0.937573,0.032081995
figshare/1036.png,fs_106062,2,11,-1,0.031000435,0.032219715,0.9367798
figshare/0927.png,fs_107495,2,11,-1,0.03129147,0.03163715,0.93707144
figshare/2807.png,fs_MR036496B,0,11,-1,0.935859,0.032101914,0.032039076
figshare/0472.png,fs_101801,1,11,-1,0.031315327,0.93675447,0.031930268
figshare/0502.png,fs_103925,1,11,-1,0.03011203,0.9385315,0.031356454
figshare/0362.png,fs_112002,1,11,-1,0.031451948,0.9367714,0.031776674
figshare/2486.png,fs_MR033420,0,11,-1,0.93578565,0.032209057,0.032005228
figshare/0041.png,fs_103673,1,11,-1,0.029820204,0.93812585,0.03205392
figshare/0508.png,fs_104167,1,11,-1,0.029166287,0.9393436,0.03149011
figshare/0393.png,fs_113805,1,11,-1,0.0404526,0.92442936,0.035118077
figshare/0075.png,fs_106665,1,11,-1,0.02997563,0.9379905,0.032033883
figshare/2932.png,fs_MR051586,0,11,-1,0.9355067,0.032262404,0.03223087
figshare/1242.png,fs_111785,2,11,-1,0.03100062,0.032671303,0.93632805
figshare/2105.png,fs_MR050687C,0,11,-1,0.9355214,0.032215714,0.032262854
figshare/2842.png,fs_MR048944,0,11,-1,0.9357257,0.031893946,0.032380417
figshare/1181.png,fs_107495,2,11,-1,0.031146202,0.031567283,0.9372865
figshare/1692.png,fs_103582,2,11,-1,0.03136006,0.03226853,0.9363714
figshare/1730.png,fs_104558,2,11,-1,0.03057221,0.032647245,0.9367806
figshare/1547.png,fs_104684,2,11,-1,0.030348297,0.03403883,0.93561286
figshare/1344.png,fs_103837,2,11,-1,0.031141467,0.03148561,0.9373729
figshare/1351.png,fs_104019,2,11,-1,0.031216199,0.03145334,0.9373305
figshare/1608.png,fs_98652,2,11,-1,0.031262126,0.031630643,0.93710726
figshare/2545.png,fs_MR048294,0,11,-1,0.93443346,0.03318342,0.032383084
figshare/2146.png,fs_MR038469,0,11,-1,0.93417186,0.035117112,0.030711018
figshare/0688.png,fs_99089,1,11,-1,0.030009536,0.93716204,0.03282847
figshare/0684.png,fs_98241,1,11,-1,0.029502094,0.93815994,0.032338053
figshare/0381.png,fs_112648,1,11,-1,0.030340951,0.9388106,0.030848447
figshare/1423.png,fs_98652,2,11,-1,0.031195074,0.03188029,0.9369247
figshare/2227.png,fs_MR036496B,0,11,-1,0.93538874,0.032258406,0.032352924
figshare/1766.png,fs_97416,2,11,-1,0.03133119,0.031553984,0.93711483
figshare/0272.png,fs_104167,1,11,-1,0.030936034,0.9373479,0.031716093
figshare/1011.png,fs_113274,2,11,-1,0.031180672,0.03164078,0.93717855
figshare/1857.png,fs_MR048621B,0,11,-1,0.9354157,0.03199254,0.032591827
figshare/2888.png,fs_MR024780G,0,11,-1,0.93579763,0.03178785,0.03241452
figshare/1306.png,fs_103257,2,11,-1,0.031103706,0.031748123,0.9371481
figshare/1118.png,fs_111125,2,11,-1,0.031595662,0.03096183,0.93744254
figshare/2371.png,fs_MR040240C,0,11,-1,0.9353427,0.032083996,0.032573305
figshare/3022.png,fs_MR034997,0,11,-1,0.93490964,0.032974266,0.03211612
figshare/1610.png,fs_98871,2,11,-1,0.031108357,0.032515287,0.93637633
figshare/0305.png,fs_106720,1,11,-1,0.029039655,0.93886393,0.032096412
figshare/1628.png,fs_98995,2,11,-1,0.03150735,0.031384587,0.93710804
figshare/2585.png,fs_MR051651B,0,11,-1,0.93584436,0.032038633,0.032117
figshare/0545.png,fs_106914,1,11,-1,0.029877465,0.9390241,0.031098418
figshare/2024.png,fs_MR051644,0,11,-1,0.93671805,0.03154049,0.031741474
figshare/2561.png,fs_MR051644,0,11,-1,0.93504786,0.032626864,0.03232535
figshare/0612.png,fs_112552,1,11,-1,0.029033147,0.93917346,0.031793393
figshare/2991.png,fs_MR051644C,0,11,-1,0.9355216,0.031530976,0.03294742
figshare/0111.png,fs_108550,1,11,-1,0.030855171,0.93625164,0.032893214
figshare/0167.png,fs_114018,1,11,-1,0.030016262,0.93834233,0.031641416
figshare/3039.png,fs_MR024780E,0,11,-1,0.93518376,0.033769898,0.031046275
figshare/1261.png,fs_112847,2,11,-1,0.030962065,0.032503515,0.9365344
figshare/1660.png,fs_101724,2,11,-1,0.031800106,0.032269895,0.9359301
figshare/0218.png,fs_100572,1,11,-1,0.031389356,0.9361048,0.032505907
figshare/2887.png,fs_MR024780G,0,11,-1,0.93554914,0.03199718,0.032453634
figshare/2676.png,fs_MR049019G,0,11,-1,0.935666,0.031876437,0.03245753
figshare/0979.png,fs_110993,2,11,-1,0.031148765,0.031716637,0.9371346
figshare/0736.png,fs_107747,0,11,-1,0.9356098,0.03215581,0.032234408
figshare/2457.png,fs_MR040240B,0,11,-1,0.935996,0.03177893,0.03222511
figshare/2196.png,fs_MR040240,0,11,-1,0.93577063,0.031957846,0.032271452
figshare/2341.png,fs_MR051461,0,11,-1,0.93559515,0.032218173,0.032186724
figshare/2779.png,fs_MR039473,0,11,-1,0.9357786,0.032169484,0.03205187
figshare/0703.png,fs_99815,1,11,-1,0.029377062,0.93831086,0.032312118
figshare/2427.png,fs_MR048944,0,11,-1,0.93531454,0.032461204,0.032224245
figshare/0995.png,fs_112074,2,11,-1,0.03062189,0.03382314,0.9355549
figshare/1971.png,fs_MR050687,0,11,-1,0.9353578,0.03261443,0.032027714
figshare/2867.png,fs_MR049358,0,11,-1,0.935433,0.032228377,0.032338694
figshare/2614.png,fs_MR047953C,0,11,-1,0.93631196,0.031867392,0.03182063
figshare/2471.png,fs_MR036496B,0,11,-1,0.93531424,0.03249286,0.03219291
figshare/0637.png,fs_113614,1,11,-1,0.030224722,0.9384085,0.031366743
figshare/1326.png,fs_103671,2,11,-1,0.031782,0.03189882,0.9363191
figshare/2753.png,fs_MR038469,0,11,-1,0.04149962,0.9258046,0.032695726
figshare/1706.png,fs_103671,2,11,-1,0.031083368,0.031921647,0.936995
figshare/0485.png,fs_102818,1,11,-1,0.029868878,0.93876755,0.031363595
figshare/0005.png,fs_100360,1,11,-1,0.030137427,0.93708485,0.032777738
figshare/1840.png,fs_99223,2,11,-1,0.031108394,0.03205685,0.9368347
figshare/1926.png,fs_MR024780G,0,11,-1,0.9360763,0.03167323,0.03225049
figshare/2084.png,fs_MR047953C,0,11,-1,0.9355356,0.032098353,0.032366015
figshare/2370.png,fs_MR040240C,0,11,-1,0.9350936,0.031748153,0.03315825
figshare/2180.png,fs_MR039473B,0,11,-1,0.93483984,0.03247695,0.032683156
figshare/0628.png,fs_113435,1,11,-1,0.028708747,0.93916845,0.032122783
figshare/0161.png,fs_113554,1,11,-1,0.030214448,0.9385512,0.031234331
figshare/2834.png,fs_MR048294B,0,11,-1,0.93571264,0.032159373,0.032127954
figshare/1051.png,fs_107429,2,11,-1,0.028332267,0.039486885,0.9321809
figshare/2788.png,fs_MR040240,0,11,-1,0.9343564,0.034151956,0.03149163
figshare/2440.png,fs_MR048994,0,11,-1,0.9352697,0.032175526,0.032554813
figshare/0902.png,fs_95142,0,11,-1,0.9355786,0.031648535,0.03277292
figshare/0947.png,fs_107743,2,11,-1,0.031193329,0.03147638,0.93733037
figshare/1270.png,fs_113741,2,11,-1,0.03143082,0.031224279,0.9373449
figshare/1668.png,fs_102648,2,11,-1,0.031166783,0.031843647,0.93698955
figshare/1705.png,fs_103671,2,11,-1,0.031015145,0.03221923,0.93676555
figshare/1568.png,fs_105638,2,11,-1,0.03135628,0.031463668,0.93718004
figshare/0804.png,fs_90284,0,11,-1,0.9354087,0.032386877,0.03220442
figshare/1543.png,fs_104558,2,11,-1,0.025721284,0.05954632,0.91473246
figshare/2612.png,fs_MR047953C,0,11,-1,0.93647444,0.032406308,0.031119213
figshare/1388.png,fs_97416,2,11,-1,0.030991105,0.031827003,0.9371819
figshare/0859.png,fs_112105,0,11,-1,0.9348533,0.032287076,0.032859668
figshare/1719.png,fs_103837,2,11,-1,0.03117023,0.031506877,0.9373229
figshare/2295.png,fs_MR049453B,0,11,-1,0.9352771,0.032191545,0.03253133
figshare/0749.png,fs_100820,0,11,-1,0.93555915,0.03174853,0.03269233
figshare/0095.png,fs_107248,1,11,-1,0.03126421,0.93475294,0.033982806
figshare/2546.png,fs_MR051586,0,11,-1,0.93541753,0.03213356,0.032448847
figshare/2679.png,fs_MR031409B,0,11,-1,0.93583,0.032037985,0.032132015
figshare/0843.png,fs_103148,0,11,-1,0.6264588,0.3242412,0.04930003
figshare/0685.png,fs_98241,1,11,-1,0.029813074,0.93792,0.032266967
figshare/1910.png,fs_MR049104B,0,11,-1,0.935902,0.031868882,0.032229036
figshare/0302.png,fs_106665,1,11,-1,0.028932273,0.93957007,0.031497702
figshare/0602.png,fs_112002,1,11,-1,0.029784529,0.9379457,0.03226979
figshare/2346.png,fs_MR033389B,0,11,-1,0.9348847,0.032414533,0.03270071
figshare/0881.png,fs_92897,0,11,-1,0.929634,0.03569255,0.034673575
figshare/2445.png,fs_MR040240,0,11,-1,0.9356174,0.031704005,0.03267859
figshare/1685.png,fs_103478,2,11,-1,0.031242603,0.0315493,0.93720806
figshare/2442.png,fs_MR037458C,0,11,-1,0.49846712,0.4638285,0.03770435
figshare/1551.png,fs_104684,2,11,-1,0.030772336,0.03341984,0.9358078
figshare/0807.png,fs_92897,0,11,-1,0.057914473,0.90379304,0.038292468
figshare/0782.png,fs_112105,0,11,-1,0.93547547,0.03201022,0.03251431
figshare/2770.png,fs_MR037458B,0,11,-1,0.9339596,0.034019537,0.03202083
figshare/2965.png,fs_MR051644B,0,11,-1,0.9359103,0.03206429,0.032025456
figshare/1343.png,fs_103837,2,11,-1,0.031118914,0.03150115,0.93737996
figshare/0754.png,fs_101020,0,11,-1,0.935742,0.032113288,0.03214465
figshare/0425.png,fs_98241,1,11,-1,0.029459864,0.93910414,0.031436037
figshare/0364.png,fs_112002,1,11,-1,0.029953819,0.9386847,0.03136145
figshare/1537.png,fs_104019,2,11,-1,0.031274103,0.03148862,0.93723726
figshare/2669.png,fs_MR053110E,0,11,-1,0.93562,0.031797063,0.032582898
figshare/1611.png,fs_98871,2,11,-1,0.031048395,0.0323249,0.9366267
figshare/1089.png,fs_109898,2,11,-1,0.031226862,0.031579554,0.93719363
figshare/2703.png,fs_MR037458B,0,11,-1,0.9356804,0.032473907,0.03184572
figshare/1663.png,fs_101724,2,11,-1,0.03142373,0.033271313,0.935305
figshare/1172.png,fs_106062,2,11,-1,0.030933738,0.032253243,0.93681306
figshare/1314.png,fs_103478,2,11,-1,0.030912573,0.03222338,0.936864
figshare/2363.png,fs_MR040240C,0,11,-1,0.93437755,0.0348595,0.030762997
figshare/2438.png,fs_MR048994,0,11,-1,0.93529904,0.032145157,0.032555833
figshare/0600.png,fs_112002,1,11,-1,0.032907978,0.93439096,0.03270107
figshare/0862.png,fs_112105,0,11,-1,0.9351071,0.032280132,0.03261278
figshare/0852.png,fs_106494,0,11,-1,0.03166111,0.93795174,0.030387167
figshare/2945.png,fs_MR051651,0,11,-1,0.93538874,0.032368727,0.032242537
figshare/1433.png,fs_98874,2,11,-1,0.031248182,0.03160869,0.93714315
figshare/0322.png,fs_107494,1,11,-1,0.030111704,0.9390325,0.030855816
figshare/0496.png,fs_103673,1,11,-1,0.03160726,0.93234944,0.036043234
figshare/0919.png,fs_105936,2,11,-1,0.031480476,0.03129653,0.93722296
figshare/2065.png,fs_MR051644C,0,11,-1,0.936064,0.03187435,0.03206166
figshare/0205.png,fs_99308,1,11,-1,0.03000296,0.9388298,0.031167228
figshare/1100.png,fs_110537,2,11,-1,0.031454287,0.031186678,0.9373591
figshare/1965.png,fs_MR050687,0,11,-1,0.93552685,0.03277228,0.03170088
figshare/0223.png,fs_101016,1,11,-1,0.0293293,0.93906665,0.031604055
figshare/0418.png,fs_97943,1,11,-1,0.029765252,0.93916285,0.031071857
figshare/0333.png,fs_108550,1,11,-1,0.032213673,0.9365411,0.031245254
figshare/1576.png,fs_97416,2,11,-1,0.030991875,0.032258295,0.9367498
figshare/2592.png,fs_MR052550,0,11,-1,0.9355508,0.03221681,0.032232426
figshare/2925.png,fs_MR051586,0,11,-1,0.93490225,0.034256995,0.030840755
figshare/0292.png,fs_106284,1,11,-1,0.029415548,0.9390723,0.03151214
figshare/1909.png,fs_MR049104B,0,11,-1,0.9360641,0.031936713,0.031999223
figshare/0277.png,fs_104281,1,11,-1,0.030214239,0.9376379,0.032147817
figshare/3019.png,fs_MR050687C,0,11,-1,0.9356531,0.032000687,0.032346297
figshare/2931.png,fs_MR051586,0,11,-1,0.93560874,0.032360654,0.032030568
figshare/1116.png,fs_111075,2,11,-1,0.031211386,0.03160254,0.9371861
figshare/2702.png,fs_MR037458B,0,11,-1,0.23718238,0.7141763,0.04864129
figshare/1074.png,fs_108931,2,11,-1,0.030926943,0.03222972,0.9368434
figshare/1741.png,fs_104912,2,11,-1,0.031342532,0.032117248,0.93654025
figshare/1724.png,fs_104019,2,11,-1,0.031057877,0.03203591,0.93690616
figshare/0416.png,fs_97875,1,11,-1,0.030921923,0.93726957,0.031808507
figshare/1635.png,fs_99223,2,11,-1,0.03087015,0.032407083,0.9367227
figshare/2134.png,fs_MR049019G,0,11,-1,0.9362824,0.03172661,0.031991024
figshare/0963.png,fs_109769,2,11,-1,0.031245656,0.031683695,0.9370706
figshare/2320.png,fs_MR050791B,0,11,-1,0.93508774,0.03202822,0.032884065
figshare/1331.png,fs_103731,2,11,-1,0.031403698,0.03114412,0.9374522
figshare/1977.png,fs_MR050791B,0,11,-1,0.9337425,0.03350092,0.032756556
figshare/1385.png,fs_105638,2,11,-1,0.03123612,0.031751227,0.9370127
figshare/2713.png,fs_MR039473,0,11,-1,0.93514276,0.03298291,0.03187433
figshare/2640.png,fs_MR050687C,0,11,-1,0.9359746,0.031762578,0.03226282
figshare/0824.png,fs_100820,0,11,-1,0.93525404,0.03212794,0.032617986
figshare/1828.png,fs_98992,2,11,-1,0.030671898,0.03246723,0.9368609
figshare/0785.png,fs_112105,0,11,-1,0.9351367,0.03225748,0.032605886
figshare/1923.png,fs_MR024780G,0,11,-1,0.9354254,0.031774953,0.03279961
figshare/0937.png,fs_107429,2,11,-1,0.030568682,0.03321547,0.93621594
figshare/0235.png,fs_101797,1,11,-1,0.029664323,0.9382765,0.032059096
figshare/2608.png,fs_MR049942B,0,11,-1,0.93490005,0.032542013,0.03255795
figshare/0067.png,fs_106442,1,11,-1,0.030348942,0.9385536,0.031097498
figshare/0057.png,fs_105374,1,11,-1,0.0313593,0.93681276,0.031827983
figshare/1933.png,fs_MR024780G,0,11,-1,0.93594956,0.03143,0.032620437
figshare/0412.png,fs_97737,1,11,-1,0.0298118,0.937891,0.03229726
figshare/1479.png,fs_101305,2,11,-1,0.03157591,0.031109154,0.937315
figshare/0594.png,fs_111532,1,11,-1,0.029172126,0.93953073,0.031297095
figshare/1111.png,fs_110993,2,11,-1,0.031353436,0.031322844,0.9373237
figshare/1491.png,fs_103046,2,11,-1,0.03142213,0.031491242,0.9370867
figshare/1609.png,fs_98871,2,11,-1,0.031249482,0.032479867,0.9362706
figshare/1436.png,fs_98992,2,11,-1,0.029429667,0.03584777,0.9347226
figshare/2803.png,fs_MR029209G,0,11,-1,0.935828,0.031819653,0.032352403
figshare/1732.png,fs_104558,2,11,-1,0.031148387,0.031957325,0.9368943
figshare/1911.png,fs_MR049104B,0,11,-1,0.9352255,0.032237083,0.032537367
figshare/1843.png,fs_MR048294,0,11,-1,0.9354615,0.032450505,0.03208801
figshare/2555.png,fs_MR051644,0,11,-1,0.9357226,0.032523423,0.03175409
figshare/1366.png,fs_104684,2,11,-1,0.030977175,0.03203103,0.93699175
figshare/2721.png,fs_MR039473B,0,11,-1,0.93579996,0.03194327,0.032256804
figshare/1715.png,fs_103837,2,11,-1,0.031158168,0.031882558,0.93695927
figshare/0924.png,fs_106062,2,11,-1,0.03143275,0.031849943,0.9367173
figshare/0523.png,fs_106284,1,11,-1,0.029955968,0.9378261,0.032217927
figshare/0245.png,fs_102714,1,11,-1,0.030832924,0.9377004,0.031466704
figshare/1077.png,fs_109471,2,11,-1,0.031065887,0.031779308,0.93715477
figshare/1185.png,fs_107429,2,11,-1,0.030550016,0.03266553,0.93678445
figshare/2413.png,fs_MR048297,0,11,-1,0.9361369,0.031830244,0.032032855
figshare/1239.png,fs_111125,2,11,-1,0.031549897,0.030992573,0.9374575
figshare/1023.png,fs_114094,2,11,-1,0.031086657,0.032050032,0.9368633
figshare/2080.png,fs_MR052585B,0,11,-1,0.93155354,0.037140805,0.031305667
figshare/2495.png,fs_MR033389B,0,11,-1,0.9355259,0.032835145,0.031639002
figshare/1451.png,fs_99223,2,11,-1,0.030973054,0.032159843,0.9368671
figshare/0864.png,fs_112105,0,11,-1,0.93511903,0.03209203,0.03278897
figshare/0693.png,fs_99162,1,11,-1,0.029975751,0.9398283,0.030196019
figshare/2161.png,fs_MR032322C,0,11,-1,0.93465924,0.03235934,0.03298144
figshare/0559.png,fs_107494,1,11,-1,0.033604316,0.93099,0.035405785
figshare/2981.png,fs_MR052550,0,11,-1,0.935786,0.032099113,0.032114796
figshare/1147.png,fs_112847,2,11,-1,0.030965492,0.032397047,0.93663746
figshare/0312.png,fs_106914,1,11,-1,0.02988335,0.93922424,0.030892365
figshare/0112.png,fs_108550,1,11,-1,0.030070141,0.9375801,0.032349776
figshare/2512.png,fs_MR040240C,0,11,-1,0.93582916,0.031913135,0.032257743
figshare/1460.png,fs_101017,2,11,-1,0.031146958,0.032229975,0.9366231
figshare/0176.png,fs_97607,1,11,-1,0.029540092,0.93938076,0.031079084
figshare/0046.png,fs_104167,1,11,-1,0.030049484,0.9380098,0.031940725
figshare/0991.png,fs_111785,2,11,-1,0.031130401,0.03182981,0.93703973
figshare/3028.png,fs_MR034997,0,11,-1,0.9355359,0.032137632,0.032326445
figshare/0800.png,fs_90284,0,11,-1,0.9349296,0.032590806,0.032479502
figshare/2496.png,fs_MR024780E,0,11,-1,0.93591446,0.03238692,0.031698614
figshare/2909.png,fs_MR050791B,0,11,-1,0.93561673,0.031672984,0.032710306
figshare/1852.png,fs_MR048297,0,11,-1,0.935032,0.03273779,0.032230265
figshare/1521.png,fs_103731,2,11,-1,0.031123519,0.031815037,0.9370614
figshare/1283.png,fs_101029,2,11,-1,0.031258125,0.03152647,0.93721545
figshare/2825.png,fs_MR048297,0,11,-1,0.93492854,0.03276615,0.032305457
figshare/0030.png,fs_102714,1,11,-1,0.029650036,0.9387413,0.031608686
figshare/0931.png,fs_107495,2,11,-1,0.031199012,0.03152827,0.93727267
figshare/2742.png,fs_MR053110E,0,11,-1,0.93504846,0.03242021,0.032531224
figshare/2195.png,fs_MR037458C,0,11,-1,0.9354328,0.032181136,0.032386117
figshare/2355.png,fs_MR026175E,0,11,-1,0.9356321,0.031688966,0.03267892
figshare/0401.png,fs_114359,1,11,-1,0.02919786,0.93898416,0.03181804
figshare/2944.png,fs_MR051651,0,11,-1,0.9350182,0.03265749,0.03232435
figshare/0746.png,fs_112105,0,11,-1,0.93503225,0.0322619,0.032705866
figshare/0738.png,fs_107747,0,11,-1,0.935668,0.03206392,0.03226815
figshare/2881.png,fs_MR049453,0,11,-1,0.93569654,0.03192413,0.03237938
figshare/0950.png,fs_108858,2,11,-1,0.031211216,0.03161007,0.93717873
figshare/2822.png,fs_MR048294,0,11,-1,0.9344363,0.032926448,0.032637157
figshare/0099.png,fs_107494,1,11,-1,0.031640135,0.9359399,0.032419987
figshare/1645.png,fs_101029,2,11,-1,0.031310175,0.031287245,0.9374025
figshare/1259.png,fs_112746,2,11,-1,0.031204484,0.03158772,0.9372078
figshare/0577.png,fs_109350,1,11,-1,0.034500334,0.932263,0.033236645
figshare/0889.png,fs_93825,0,11,-1,0.9358295,0.031944245,0.032226272
figshare/0003.png,fs_100360,1,11,-1,0.02979419,0.9386914,0.031514376
figshare/2656.png,fs_MR034997,0,11,-1,0.9355652,0.032107223,0.032327574
figshare/0500.png,fs_103673,1,11,-1,0.031466953,0.9328985,0.035634466
figshare/2443.png,fs_MR040240,0,11,-1,0.935761,0.031531263,0.032707773
figshare/1774.png,fs_97461,2,11,-1,0.031490315,0.031222362,0.93728733
figshare/2235.png,fs_MR033420,0,11,-1,0.9357972,0.03175661,0.032446172
figshare/2086.png,fs_MR047953C,0,11,-1,0.93594366,0.03235676,0.03169956
figshare/0918.png,fs_105936,2,11,-1,0.03146463,0.03132663,0.9372087
figshare/0834.png,fs_101384,0,11,-1,0.9358003,0.032139115,0.032060575
figshare/0354.png,fs_111366,1,11,-1,0.030486295,0.9372996,0.032214098
figshare/0382.png,fs_113435,1,11,-1,0.029934883,0.93808866,0.0319765
figshare/0483.png,fs_102714,1,11,-1,0.03000608,0.9389441,0.031049788
figshare/1784.png,fs_97481,2,11,-1,0.03098283,0.032083616,0.9369335
figshare/1845.png,fs_MR048294,0,11,-1,0.9357858,0.03203655,0.032177683
figshare/2843.png,fs_MR048944,0,11,-1,0.93579125,0.031834,0.032374755
figshare/0316.png,fs_107248,1,11,-1,0.030738436,0.9382063,0.03105523
figshare/2034.png,fs_MR051651,0,11,-1,0.9360492,0.031959817,0.031990983
figshare/2530.png,fs_MR029209I,0,11,-1,0.93557936,0.0320294,0.032391265
figshare/1556.png,fs_104912,2,11,-1,0.031153312,0.03203255,0.9368142
figshare/1002.png,fs_112649,2,11,-1,0.031151868,0.032078005,0.93677014
figshare/2433.png,fs_MR048944,0,11,-1,0.93582904,0.031897478,0.032273464
figshare/0408.png,fs_97737,1,11,-1,0.02960712,0.9387531,0.0316398
figshare/1582.png,fs_97461,2,11,-1,0.031525865,0.031272992,0.93720114
figshare/2253.png,fs_MR048994B,0,11,-1,0.9360788,0.03201525,0.03190599
figshare/0341.png,fs_109968,1,11,-1,0.029553808,0.93935233,0.03109381
figshare/0745.png,fs_112105,0,11,-1,0.93461573,0.03246873,0.03291554
figshare/2144.png,fs_MR024780D,0,11,-1,0.93596166,0.031933174,0.032105163
figshare/2452.png,fs_MR040240,0,11,-1,0.9361663,0.03195583,0.031877875
figshare/1205.png,fs_108931,2,11,-1,0.0315511,0.031420603,0.93702835
figshare/2844.png,fs_MR048944,0,11,-1,0.9352555,0.03247494,0.032269523
figshare/0132.png,fs_111532,1,11,-1,0.029651724,0.93830264,0.032045648
figshare/2236.png,fs_MR033420,0,11,-1,0.9356661,0.03187637,0.032457523
figshare/0368.png,fs_112062,1,11,-1,0.030098505,0.93858945,0.03131202
figshare/0319.png,fs_107248,1,11,-1,0.029971661,0.93832564,0.031702757
figshare/2337.png,fs_MR051461,0,11,-1,0.93626714,0.031648602,0.032084294
figshare/2918.png,fs_MR051461,0,11,-1,0.93491244,0.032845736,0.03224187
figshare/2791.png,fs_MR040240,0,11,-1,0.9355777,0.032517854,0.03190448
figshare/0648.png,fs_114359,1,11,-1,0.029618826,0.93866694,0.03171429
figshare/2952.png,fs_MR051796,0,11,-1,0.9356536,0.032173038,0.03217338
figshare/0737.png,fs_107747,0,11,-1,0.93538666,0.032038443,0.032574832
figshare/0091.png,fs_107190,1,11,-1,0.03404766,0.93503237,0.03091994
figshare/2448.png,fs_MR040240,0,11,-1,0.93516505,0.032631274,0.032203674
figshare/2997.png,fs_MR052585B,0,11,-1,0.9356978,0.032096177,0.032206036
figshare/1525.png,fs_103731,2,11,-1,0.032200724,0.030884037,0.9369152
figshare/1770.png,fs_97416,2,11,-1,0.030720139,0.03346057,0.93581927
figshare/2066.png,fs_MR051644C,0,11,-1,0.9356972,0.032002345,0.032300446
figshare/2009.png,fs_MR051586,0,11,-1,0.9357031,0.031877607,0.032419354
figshare/0986.png,fs_111125,2,11,-1,0.031276982,0.031399395,0.9373237
figshare/1560.png,fs_105187,2,11,-1,0.0312829,0.03167493,0.9370422
figshare/0275.png,fs_104281,1,11,-1,0.030304197,0.9376252,0.032070562
figshare/2418.png,fs_MR048294B,0,11,-1,0.93580043,0.032021463,0.03217808
figshare/0477.png,fs_102446,1,11,-1,0.0345949,0.9332051,0.032199956
figshare/2145.png,fs_MR024780D,0,11,-1,0.9356388,0.03206273,0.032298483
figshare/0877.png,fs_90284,0,11,-1,0.93532884,0.032161903,0.032509256
figshare/1304.png,fs_103257,2,11,-1,0.031074794,0.031959627,0.9369656
figshare/1312.png,fs_103478,2,11,-1,0.030837607,0.032971185,0.9361912
figshare/1501.png,fs_103478,2,11,-1,0.031174941,0.032046966,0.93677807
figshare/0879.png,fs_90284,0,11,-1,0.9363545,0.03202465,0.03162083
figshare/2281.png,fs_MR024780G,0,11,-1,0.9357698,0.031879906,0.03235033
figshare/2403.png,fs_MR048294,0,11,-1,0.9360783,0.031828165,0.03209346
figshare/0910.png,fs_97609,0,11,-1,0.9351064,0.032217063,0.0326766
figshare/1812.png,fs_98871,2,11,-1,0.031084308,0.032807853,0.9361079
figshare/0338.png,fs_108945,1,11,-1,0.029953277,0.9382076,0.031839095
figshare/2808.png,fs_MR036496B,0,11,-1,0.93503,0.032834053,0.032135956
figshare/0811.png,fs_93825,0,11,-1,0.93612194,0.031783067,0.03209497
figshare/0914.png,fs_98889,0,11,-1,0.9353591,0.032304585,0.032336287
figshare/0195.png,fs_98241,1,11,-1,0.029411692,0.93987024,0.030718066
figshare/0194.png,fs_98241,1,11,-1,0.029377189,0.9396853,0.030937556
figshare/0145.png,fs_112552,1,11,-1,0.029787628,0.9379741,0.032238245
figshare/2309.png,fs_MR050135B,0,11,-1,0.936017,0.0323273,0.031655725
figshare/0547.png,fs_106914,1,11,-1,0.029827759,0.93885195,0.031320337
figshare/1636.png,fs_99223,2,11,-1,0.030717606,0.033084426,0.9361979
figshare/2743.png,fs_MR049019G,0,11,-1,0.9356832,0.03209561,0.0322212
figshare/1419.png,fs_98472,2,11,-1,0.030962545,0.03248925,0.93654823
figshare/1012.png,fs_113274,2,11,-1,0.031133782,0.03172461,0.9371416
figshare/0650.png,fs_114359,1,11,-1,0.029324573,0.9393823,0.031293146
figshare/3042.png,fs_MR040240C,0,11,-1,0.9347779,0.03228455,0.032937527
figshare/0398.png,fs_114018,1,11,-1,0.029570412,0.93942475,0.031004796
figshare/2023.png,fs_MR051644,0,11,-1,0.9352646,0.031909388,0.03282603
figshare/0635.png,fs_113614,1,11,-1,0.030119345,0.93743676,0.03244395
figshare/1290.png,fs_101305,2,11,-1,0.03124557,0.03214319,0.9366112
figshare/1004.png,fs_112746,2,11,-1,0.031205535,0.032015733,0.93677866
figshare/0562.png,fs_107946,1,11,-1,0.030382976,0.93869686,0.030920113
figshare/2857.png,fs_MR049104,0,11,-1,0.9358496,0.032102946,0.032047413
figshare/2588.png,fs_MR051796B,0,11,-1,0.93588865,0.032040022,0.03207133
figshare/0969.png,fs_109898,2,11,-1,0.027707173,0.042078383,0.9302144
figshare/0682.png,fs_98241,1,11,-1,0.029466163,0.9393053,0.03122853
figshare/2311.png,fs_MR050687,0,11,-1,0.93525517,0.032222252,0.03252255
figshare/2485.png,fs_MR033420,0,11,-1,0.9359325,0.031994607,0.032072887
figshare/0882.png,fs_92897,0,11,-1,0.93502,0.03252245,0.032457493
figshare/0819.png,fs_100416,0,11,-1,0.9348253,0.03273055,0.03244414
figshare/3063.png,fs_95969,1,11,-1,0.030666193,0.9382449,0.031088946
figshare/1056.png,fs_107505,2,11,-1,0.03137427,0.0313666,0.93725914
figshare/1976.png,fs_MR050791B,0,11,-1,0.9330715,0.03585871,0.031069783
figshare/2069.png,fs_MR051644C,0,11,-1,0.93579894,0.031849787,0.032351315
figshare/2658.png,fs_MR029209E,0,11,-1,0.9356965,0.03193988,0.03236363
figshare/1751.png,fs_105187,2,11,-1,0.031258687,0.031511433,0.9372299
figshare/0724.png,fs_102075,0,11,-1,0.9359764,0.032027483,0.03199611
figshare/0961.png,fs_109471,2,11,-1,0.031467933,0.030995239,0.93753684
figshare/2333.png,fs_MR051461,0,11,-1,0.93569636,0.03237946,0.03192416
figshare/0636.png,fs_113614,1,11,-1,0.029852862,0.93872327,0.031423856
figshare/1892.png,fs_MR048994B,0,11,-1,0.93547404,0.031932138,0.032593817
figshare/2504.png,fs_MR026175E,0,11,-1,0.9352867,0.031894583,0.032818746
figshare/2508.png,fs_MR026175E,0,11,-1,0.9330715,0.035967752,0.03096075
figshare/2004.png,fs_MR051461,0,11,-1,0.93547547,0.03249861,0.03202588
figshare/1775.png,fs_97461,2,11,-1,0.032032236,0.030940557,0.9370272
figshare/2930.png,fs_MR051586,0,11,-1,0.9351057,0.032708704,0.03218559
figshare/2350.png,fs_MR026175E,0,11,-1,0.9357563,0.032129884,0.032113776
figshare/1927.png,fs_MR024780G,0,11,-1,0.936151,0.03184633,0.03200259
figshare/0173.png,fs_114359,1,11,-1,0.029378556,0.9383538,0.032267638
figshare/2740.png,fs_MR053110E,0,11,-1,0.93503326,0.03235651,0.032610226
figshare/0179.png,fs_97607,1,11,-1,0.030355006,0.9383254,0.03131953
figshare/2501.png,fs_MR026175E,0,11,-1,0.9353298,0.03230356,0.032366686
figshare/0770.png,fs_106494,0,11,-1,0.9355789,0.031982515,0.03243863
figshare/1180.png,fs_107495,2,11,-1,0.031331237,0.03133104,0.93733776
figshare/1536.png,fs_104019,2,11,-1,0.031113256,0.031905577,0.9369812
figshare/0786.png,fs_112105,0,11,-1,0.9350384,0.03216757,0.03279405
figshare/1880.png,fs_MR049104,0,11,-1,0.93296736,0.035230085,0.031802535
figshare/1587.png,fs_97461,2,11,-1,0.031658117,0.031121682,0.9372202
figshare/1959.png,fs_MR050135B,0,11,-1,0.9330256,0.03607552,0.030898923
figshare/0973.png,fs_110518,2,11,-1,0.034005225,0.03257422,0.93342054
figshare/1675.png,fs_103046,2,11,-1,0.0313683,0.031322345,0.9373094
figshare/0247.png,fs_102929,1,11,-1,0.030312551,0.93757874,0.03210868
figshare/1727.png,fs_104558,2,11,-1,0.028875714,0.036359973,0.93476427
figshare/1397.png,fs_97461,2,11,-1,0.031419754,0.03110684,0.9374734
figshare/1131.png,fs_112074,2,11,-1,0.030675802,0.033715457,0.93560874
figshare/1325.png,fs_103670,2,11,-1,0.031277474,0.031384543,0.937338
figshare/2479.png,fs_MR033420,0,11,-1,0.9358586,0.032102227,0.032039158
figshare/0916.png,fs_98889,0,11,-1,0.9356092,0.03210886,0.032281943
