path,group,label,seed,fold,prob_0,prob_1,prob_2,prob_3
figshare/1353.png,fs_104558,2,11,-1,0.023092676,0.024124581,0.9292116,0.023571089
figshare/2997.png,fs_MR052585B,0,11,-1,0.92465603,0.025906034,0.024384173,0.025053758
br35h/0331.png,br35h_428,3,11,-1,0.024021309,0.023904301,0.024109438,0.9279649
figshare/2908.png,fs_MR050791B,0,11,-1,0.92540514,0.025025146,0.024403691,0.025166044
figshare/2415.png,fs_MR048294B,0,11,-1,0.9255155,0.024887994,0.02454402,0.025052557
figshare/0991.png,fs_111785,2,11,-1,0.023344258,0.024680506,0.9286196,0.023355642
figshare/1419.png,fs_98472,2,11,-1,0.023383563,0.025457893,0.9276892,0.023469348
figshare/0559.png,fs_107494,1,11,-1,0.025695037,0.9225179,0.027034044,0.024753056
figshare/1290.png,fs_101305,2,11,-1,0.023172893,0.025581792,0.9276731,0.023572296
figshare/1965.png,fs_MR050687,0,11,-1,0.92488503,0.025855795,0.024521338,0.02473782
figshare/2195.png,fs_MR037458C,0,11,-1,0.92347074,0.027383275,0.023934178,0.025211727
br35h/0123.png,br35h_139,3,11,-1,0.024018778,0.024001192,0.024112783,0.9278672
figshare/2247.png,fs_MR049142,0,11,-1,0.92457294,0.026024507,0.024387714,0.025014834
figshare/2822.png,fs_MR048294,0,11,-1,0.92368364,0.027120724,0.024186553,0.0250091
figshare/0453.png,fs_100920,1,11,-1,0.024301972,0.9283227,0.022924539,0.024450812
figshare/0927.png,fs_107495,2,11,-1,0.023385381,0.024316955,0.9288951,0.02340252
figshare/1675.png,fs_103046,2,11,-1,0.023357812,0.025823474,0.9273466,0.02347213
figshare/2392.png,fs_MR017260F,0,11,-1,0.9252079,0.025013693,0.02476472,0.025013693
figshare/2779.png,fs_MR039473,0,11,-1,0.92468643,0.025579944,0.024794776,0.024938915
figshare/1551.png,fs_104684,2,11,-1,0.022987407,0.02420855,0.9290521,0.023751887
figshare/2191.png,fs_MR037458C,0,11,-1,0.9252195,0.025247136,0.024464391,0.025069013
figshare/1114.png,fs_111075,2,11,-1,0.023125196,0.024005342,0.92916113,0.023708303
figshare/2496.png,fs_MR024780E,0,11,-1,0.92493385,0.02556184,0.024308052,0.025196247
figshare/0419.png,fs_97943,1,11,-1,0.024225041,0.9280988,0.022997472,0.024678709
figshare/1111.png,fs_110993,2,11,-1,0.023622911,0.024708517,0.9285308,0.023137737
figshare/0673.png,fs_97793,1,11,-1,0.02655541,0.92182165,0.026639912,0.024983063
figshare/2994.png,fs_MR049942B,0,11,-1,0.92545235,0.024977565,0.0244825,0.02508758
br35h/0711.png,br35h_1367,3,11,-1,0.0240026,0.0240026,0.024073023,0.9279217
br35h/0553.png,br35h_802,3,11,-1,0.024073431,0.023544425,0.023765273,0.9286169
figshare/2134.png,fs_MR049019G,0,11,-1,0.92539585,0.024909055,0.024510905,0.025184233
figshare/1691.png,fs_103478,2,11,-1,0.02312226,0.025507912,0.9276819,0.02368794
figshare/2585.png,fs_MR051651B,0,11,-1,0.92438036,0.026248641,0.02428183,0.025089175
figshare/2603.png,fs_MR051644C,0,11,-1,0.92510676,0.024956062,0.024840556,0.025096584
figshare/2427.png,fs_MR048944,0,11,-1,0.9251164,0.025109233,0.024750933,0.02502342
figshare/0937.png,fs_107429,2,11,-1,0.023617178,0.022935597,0.92989326,0.023553906
figshare/2770.png,fs_MR037458B,0,11,-1,0.9225028,0.028256096,0.024049614,0.02519145
br35h/0211.png,br35h_253,3,11,-1,0.024008889,0.02396205,0.02409109,0.9279379
br35h/0145.png,br35h_162,3,11,-1,0.024012778,0.024018643,0.02410676,0.9278618
br35h/0107.png,br35h_120,3,11,-1,0.024028301,0.02388209,0.024081152,0.92800844
figshare/2341.png,fs_MR051461,0,11,-1,0.92541593,0.024946127,0.024403956,0.02523401
figshare/0412.png,fs_97737,1,11,-1,0.024517927,0.92747056,0.023481593,0.024529912
figshare/1786.png,fs_97599,2,11,-1,0.023821872,0.029762091,0.9225067,0.023909325
figshare/0918.png,fs_105936,2,11,-1,0.023018476,0.025109082,0.9280361,0.023836372
figshare/2742.png,fs_MR053110E,0,11,-1,0.92532325,0.025004592,0.024532944,0.02513925
br35h/0687.png,br35h_1196,3,11,-1,0.024039466,0.023864038,0.024109997,0.9279865
br35h/0549.png,br35h_794,3,11,-1,0.024051432,0.023957662,0.02422232,0.9277686
figshare/2702.png,fs_MR037458B,0,11,-1,0.92313075,0.026808232,0.025514176,0.024546847
figshare/0919.png,fs_105936,2,11,-1,0.023056064,0.025217256,0.92796755,0.023759086
figshare/1256.png,fs_112746,2,11,-1,0.02319065,0.025708362,0.92747605,0.02362492
br35h/0565.png,br35h_817,3,11,-1,0.024861522,0.025087316,0.02484338,0.9252078
br35h/0428.png,br35h_635,3,11,-1,0.024018135,0.024165373,0.024200607,0.9276159
figshare/2309.png,fs_MR050135B,0,11,-1,0.9242052,0.026585408,0.024253312,0.024956092
br35h/0223.png,br35h_267,3,11,-1,0.024039749,0.023870148,0.02409263,0.92799747
br35h/0169.png,br35h_186,3,11,-1,0.024005834,0.02390641,0.024041027,0.9280467
figshare/0602.png,fs_112002,1,11,-1,0.024506412,0.92839336,0.022825774,0.024274446
figshare/0144.png,fs_112552,1,11,-1,0.025017675,0.9260243,0.024792608,0.024165312
figshare/1715.png,fs_103837,2,11,-1,0.023375684,0.02466609,0.9285083,0.023449957
br35h/0050.png,br35h_51,3,11,-1,0.024032332,0.02389193,0.024138175,0.92793757
figshare/0223.png,fs_101016,1,11,-1,0.023963686,0.9282275,0.023011906,0.024796939
figshare/2755.png,fs_MR038469,0,11,-1,0.9235005,0.026708247,0.024993464,0.024797726
br35h/0005.png,br35h_5,3,11,-1,0.024011131,0.024110993,0.024306033,0.92757183
br35h/0550.png,br35h_795,3,11,-1,0.024018643,0.024024513,0.024094991,0.9278618
br35h/0002.png,br35h_2,3,11,-1,0.024011794,0.024052871,0.024111655,0.9278236
figshare/1706.png,fs_103671,2,11,-1,0.023342412,0.024000995,0.9292171,0.023439482
figshare/1926.png,fs_MR024780G,0,11,-1,0.925493,0.024820618,0.024585418,0.025100924
figshare/1259.png,fs_112746,2,11,-1,0.02335082,0.025856499,0.9272932,0.023499466
figshare/0302.png,fs_106665,1,11,-1,0.024014452,0.92791903,0.023162207,0.024904277
figshare/1741.png,fs_104912,2,11,-1,0.023509143,0.027505107,0.92541337,0.023572369
figshare/1732.png,fs_104558,2,11,-1,0.023291025,0.023542576,0.92967546,0.023490898
figshare/2004.png,fs_MR051461,0,11,-1,0.92524076,0.025254115,0.024423268,0.025081843
br35h/0448.png,br35h_658,3,11,-1,0.024015594,0.023951199,0.024062544,0.92797065
figshare/1775.png,fs_97461,2,11,-1,0.023660056,0.02415596,0.92861646,0.023567481
figshare/2375.png,fs_MR040240D,0,11,-1,0.9251665,0.025295202,0.024403336,0.02513502
figshare/2179.png,fs_MR039473B,0,11,-1,0.9249586,0.024970338,0.025264734,0.024806302
figshare/0247.png,fs_102929,1,11,-1,0.025082696,0.92617637,0.024518779,0.024222102
br35h/0559.png,br35h_809,3,11,-1,0.024005834,0.023877263,0.02407039,0.9280466
figshare/1105.png,fs_110537,2,11,-1,0.023527239,0.023711763,0.92929685,0.023464143
figshare/0786.png,fs_112105,0,11,-1,0.92542595,0.024970755,0.024577616,0.025025684
br35h/0035.png,br35h_36,3,11,-1,0.02400466,0.02408686,0.02413394,0.92777455
figshare/2740.png,fs_MR053110E,0,11,-1,0.9249088,0.024981186,0.024908263,0.025201734
figshare/0754.png,fs_101020,0,11,-1,0.9252627,0.025334852,0.02441784,0.024984669
figshare/1466.png,fs_101029,2,11,-1,0.023588844,0.022930231,0.9299094,0.023571504
figshare/0709.png,fs_105936,2,11,-1,0.023084529,0.025195083,0.9279438,0.023776568
figshare/1774.png,fs_97461,2,11,-1,0.023266964,0.023755752,0.92936176,0.023615543
figshare/2546.png,fs_MR051586,0,11,-1,0.92153263,0.029584855,0.024071474,0.02481111
figshare/1977.png,fs_MR050791B,0,11,-1,0.92510676,0.025023248,0.024834637,0.025035396
figshare/0292.png,fs_106284,1,11,-1,0.02462772,0.92752695,0.023163585,0.02468177
figshare/2945.png,fs_MR051651,0,11,-1,0.9254092,0.024958119,0.024368063,0.025264645
figshare/2867.png,fs_MR049358,0,11,-1,0.9253106,0.025114369,0.024288353,0.025286637
br35h/0200.png,br35h_222,3,11,-1,0.024045901,0.023858774,0.024087029,0.9280083
br35h/0383.png,br35h_573,3,11,-1,0.024058208,0.023841865,0.024069957,0.92802995
figshare/1351.png,fs_104019,2,11,-1,0.023039028,0.024996575,0.9281882,0.02377617
br35h/0518.png,br35h_745,3,11,-1,0.024014328,0.023985028,0.024078902,0.92792165
figshare/1283.png,fs_101029,2,11,-1,0.023561776,0.024073463,0.9290718,0.023292955
br35h/0709.png,br35h_1360,3,11,-1,0.024043225,0.02389109,0.024160903,0.9279048
figshare/2443.png,fs_MR040240,0,11,-1,0.92531383,0.025151275,0.024706986,0.024827933
figshare/2721.png,fs_MR039473B,0,11,-1,0.92515737,0.024963513,0.024799494,0.025079576
figshare/2640.png,fs_MR050687C,0,11,-1,0.9254315,0.025185196,0.024332993,0.025050286
br35h/0392.png,br35h_589,3,11,-1,0.024010435,0.024246085,0.02419875,0.9275447
figshare/0714.png,fs_106062,2,11,-1,0.023755737,0.023256477,0.92965734,0.023330405
figshare/1568.png,fs_105638,2,11,-1,0.02290801,0.025239576,0.92788017,0.023972247
figshare/1461.png,fs_101017,2,11,-1,0.023448538,0.02384106,0.929359,0.023351423
figshare/1326.png,fs_103671,2,11,-1,0.02361288,0.024387453,0.92880964,0.023190029
figshare/0969.png,fs_109898,2,11,-1,0.023855396,0.029706717,0.9226812,0.023756621
figshare/0312.png,fs_106914,1,11,-1,0.024022494,0.9282369,0.022888884,0.02485169
figshare/0924.png,fs_106062,2,11,-1,0.023411985,0.0234408,0.92972386,0.023423392
figshare/2718.png,fs_MR039473B,0,11,-1,0.92518735,0.02530803,0.024619348,0.024885222
br35h/0435.png,br35h_643,3,11,-1,0.02403178,0.023967328,0.024084639,0.9279163
br35h/0391.png,br35h_587,3,11,-1,0.024012912,0.023989473,0.024130452,0.9278672
figshare/2273.png,fs_MR049453,0,11,-1,0.9254533,0.024898442,0.02454836,0.025099847
figshare/0122.png,fs_109968,1,11,-1,0.024331018,0.92806536,0.022985494,0.024618126
figshare/1868.png,fs_MR048944,0,11,-1,0.9248643,0.025479123,0.02470705,0.024949508
figshare/3050.png,fs_MR017260F,0,11,-1,0.92351615,0.027076468,0.024347916,0.025059557
figshare/1843.png,fs_MR048294,0,11,-1,0.92522436,0.025155082,0.024428718,0.025191855
figshare/0620.png,fs_112650,1,11,-1,0.02449543,0.92797744,0.02318652,0.024340587
figshare/0588.png,fs_111077,1,11,-1,0.024845418,0.9261909,0.02465819,0.024305472
figshare/1560.png,fs_105187,2,11,-1,0.023661857,0.022917077,0.9298341,0.023586906
figshare/1610.png,fs_98871,2,11,-1,0.023228273,0.02345246,0.92966175,0.023657456
figshare/1682.png,fs_103257,2,11,-1,0.023390334,0.025284782,0.9279574,0.02336749
figshare/1913.png,fs_MR049104B,0,11,-1,0.9253069,0.024718873,0.024743067,0.025231037
figshare/2553.png,fs_MR051461B,0,11,-1,0.9244261,0.026160084,0.02435406,0.025059797
figshare/1364.png,fs_104684,2,11,-1,0.023742566,0.023357369,0.92959404,0.02330605
br35h/0643.png,br35h_1021,3,11,-1,0.024020046,0.02394395,0.02411995,0.92791605
figshare/1609.png,fs_98871,2,11,-1,0.023206782,0.024190236,0.9290307,0.023572251
figshare/1845.png,fs_MR048294,0,11,-1,0.9251231,0.025387023,0.024569929,0.024919957
figshare/0881.png,fs_92897,0,11,-1,0.9197376,0.027937833,0.028264709,0.024059955
figshare/0162.png,fs_113554,1,11,-1,0.024583757,0.9279107,0.023184638,0.024320893
figshare/2545.png,fs_MR048294,0,11,-1,0.9236856,0.027326696,0.024039507,0.02494821
figshare/2925.png,fs_MR051586,0,11,-1,0.9252119,0.025297293,0.024256162,0.025234645
figshare/1074.png,fs_108931,2,11,-1,0.02314548,0.024911404,0.92838717,0.02355592
figshare/1062.png,fs_107743,2,11,-1,0.023194633,0.024775691,0.92854434,0.02348527
figshare/1073.png,fs_108931,2,11,-1,0.022955172,0.024753835,0.9284272,0.023863785
figshare/1097.png,fs_110518,2,11,-1,0.023204608,0.024023123,0.929162,0.023610255
figshare/2743.png,fs_MR049019G,0,11,-1,0.92543316,0.025148377,0.024208594,0.025209848
figshare/1031.png,fs_101029,2,11,-1,0.023414638,0.024538513,0.9286951,0.023351822
figshare/1312.png,fs_103478,2,11,-1,0.02341932,0.024310699,0.92887926,0.023390692
br35h/0104.png,br35h_116,3,11,-1,0.024017967,0.023819424,0.024100201,0.92806244
br35h/0618.png,br35h_964,3,11,-1,0.024010798,0.024057763,0.024146006,0.9277854
figshare/0976.png,fs_110993,2,11,-1,0.023141412,0.024508014,0.9286777,0.023672882
figshare/0800.png,fs_90284,0,11,-1,0.92492044,0.025806021,0.024480417,0.024793144
figshare/2807.png,fs_MR036496B,0,11,-1,0.9245002,0.026169203,0.024213728,0.025116887
figshare/1880.png,fs_MR049104,0,11,-1,0.92531663,0.024695013,0.02468295,0.02530534
figshare/0391.png,fs_113554,1,11,-1,0.024756279,0.9278387,0.023103766,0.024301205
figshare/0859.png,fs_112105,0,11,-1,0.9252585,0.024954107,0.024328593,0.025458775
figshare/0637.png,fs_113614,1,11,-1,0.02436136,0.9274163,0.023331897,0.024890482
figshare/1339.png,fs_103731,2,11,-1,0.0232183,0.023463186,0.9294857,0.023832772
figshare/0577.png,fs_109350,1,11,-1,0.032601245,0.8924151,0.042394325,0.03258933
br35h/0699.png,br35h_1251,3,11,-1,0.024006212,0.024053171,0.024106057,0.9278345
br35h/0119.png,br35h_134,3,11,-1,0.024004148,0.023922242,0.024092212,0.9279814
br35h/0056.png,br35h_57,3,11,-1,0.02403219,0.023897626,0.024138033,0.92793214
figshare/1193.png,fs_107505,2,11,-1,0.023357734,0.024949377,0.9282494,0.023443442
br35h/0708.png,br35h_1338,3,11,-1,0.024011083,0.024058048,0.024134506,0.92779636
figshare/1125.png,fs_111785,2,11,-1,0.02325365,0.02616454,0.9270366,0.023545245
figshare/2452.png,fs_MR040240,0,11,-1,0.9252707,0.024857122,0.024893545,0.024978759
figshare/1525.png,fs_103731,2,11,-1,0.023496535,0.023330774,0.92967033,0.023502376
figshare/1751.png,fs_105187,2,11,-1,0.023199547,0.025355596,0.92783386,0.023610972
figshare/1423.png,fs_98652,2,11,-1,0.023507582,0.027262725,0.92557806,0.023651566
figshare/2227.png,fs_MR036496B,0,11,-1,0.9252558,0.02496629,0.024591424,0.025186565
br35h/0069.png,br35h_72,3,11,-1,0.02402131,0.02391598,0.024097674,0.92796504
figshare/2242.png,fs_MR048994,0,11,-1,0.92534935,0.025176864,0.024437986,0.025035834
figshare/0841.png,fs_103148,0,11,-1,0.9219071,0.028221931,0.025523655,0.024347255
figshare/1306.png,fs_103257,2,11,-1,0.023228757,0.025122382,0.9280946,0.023554279
br35h/0349.png,br35h_473,3,11,-1,0.024007764,0.02405471,0.024042957,0.9278945
br35h/0027.png,br35h_28,3,11,-1,0.024018073,0.024012212,0.024129745,0.92783993
figshare/0879.png,fs_90284,0,11,-1,0.92380995,0.026860714,0.024231222,0.025098138
figshare/1060.png,fs_107743,2,11,-1,0.023201846,0.024398614,0.9288267,0.023572836
figshare/0547.png,fs_106914,1,11,-1,0.024389565,0.9280367,0.023142379,0.024431322
figshare/0943.png,fs_107505,2,11,-1,0.023113705,0.025410196,0.9277911,0.023685005
figshare/2530.png,fs_MR029209I,0,11,-1,0.9255435,0.024803787,0.024568751,0.025083918
figshare/0183.png,fs_97737,1,11,-1,0.024518419,0.9279409,0.023117788,0.024422918
br35h/0720.png,br35h_1445,3,11,-1,0.024015732,0.023951355,0.024056815,0.927976
figshare/1672.png,fs_102669,2,11,-1,0.023411136,0.026614793,0.92629266,0.023681361
figshare/2059.png,fs_MR051796B,0,11,-1,0.9254017,0.024903141,0.024517044,0.02517825
figshare/1356.png,fs_104558,2,11,-1,0.02353738,0.023491457,0.9296966,0.023274511
figshare/1051.png,fs_107429,2,11,-1,0.023279082,0.023658782,0.9296407,0.023421364
figshare/0928.png,fs_107495,2,11,-1,0.023428865,0.024178457,0.9290323,0.023360316
figshare/1932.png,fs_MR024780G,0,11,-1,0.9254415,0.024879903,0.024536118,0.025142465
br35h/0411.png,br35h_610,3,11,-1,0.024027318,0.023904443,0.024097811,0.9279704
figshare/1923.png,fs_MR024780G,0,11,-1,0.9252914,0.024875863,0.024700418,0.025132272
br35h/0390.png,br35h_585,3,11,-1,0.024013054,0.024001332,0.024112925,0.92787266
figshare/3013.png,fs_MR054875,0,11,-1,0.9244331,0.025811285,0.024707817,0.025047738
figshare/0950.png,fs_108858,2,11,-1,0.023040159,0.025779543,0.9273274,0.023852915
figshare/1671.png,fs_102648,2,11,-1,0.46951696,0.027308036,0.47905782,0.02411719
figshare/2788.png,fs_MR040240,0,11,-1,0.92348105,0.027454484,0.02385863,0.02520585
figshare/0610.png,fs_112552,1,11,-1,0.023789797,0.9278137,0.023318361,0.025078136
br35h/0403.png,br35h_601,3,11,-1,0.02400882,0.024096906,0.024185313,0.927709
figshare/2363.png,fs_MR040240C,0,11,-1,0.92520565,0.025062606,0.024601817,0.02512994
br35h/0129.png,br35h_145,3,11,-1,0.024021115,0.024103358,0.024144586,0.927731
figshare/0682.png,fs_98241,1,11,-1,0.023972169,0.92765045,0.023291413,0.02508584
figshare/2837.png,fs_MR048621B,0,11,-1,0.9246618,0.025918838,0.024212047,0.025207352
figshare/2236.png,fs_MR033420,0,11,-1,0.92537224,0.024853755,0.024510298,0.025263654
figshare/2337.png,fs_MR051461,0,11,-1,0.92530704,0.025280502,0.024359418,0.025053035
figshare/0438.png,fs_99308,1,11,-1,0.024391908,0.92767227,0.023532022,0.024403822
figshare/0057.png,fs_105374,1,11,-1,0.025563689,0.9259044,0.024662975,0.023868907
br35h/0427.png,br35h_634,3,11,-1,0.024030931,0.023972334,0.024113208,0.9278835
figshare/1295.png,fs_102648,2,11,-1,0.022984743,0.024088185,0.9289212,0.024005868
figshare/0780.png,fs_112027,0,11,-1,0.9241457,0.026492666,0.024370577,0.024991091
figshare/1770.png,fs_97416,2,11,-1,0.023306368,0.024306942,0.9289261,0.023460537
br35h/0409.png,br35h_608,3,11,-1,0.024017002,0.02394091,0.02401701,0.9280251
br35h/0301.png,br35h_374,3,11,-1,0.024068967,0.023840882,0.024098366,0.9279918
figshare/0205.png,fs_99308,1,11,-1,0.024424171,0.9273087,0.02360335,0.024663763
figshare/0477.png,fs_102446,1,11,-1,0.02728538,0.92093074,0.027563347,0.024220558
figshare/0316.png,fs_107248,1,11,-1,0.024788458,0.9272281,0.023751598,0.024231866
figshare/2445.png,fs_MR040240,0,11,-1,0.92522883,0.025173571,0.024674736,0.024922874
figshare/0214.png,fs_100360,1,11,-1,0.024080737,0.928218,0.022989199,0.02471203
figshare/1840.png,fs_99223,2,11,-1,0.0233218,0.026216887,0.92681855,0.023642767
figshare/1628.png,fs_98995,2,11,-1,0.022982415,0.025216699,0.9279438,0.023857117
figshare/0075.png,fs_106665,1,11,-1,0.024234273,0.9273164,0.023396987,0.025052376
figshare/0401.png,fs_114359,1,11,-1,0.024013804,0.92835367,0.022958966,0.024673494
figshare/0842.png,fs_103148,0,11,-1,0.025404142,0.92461956,0.025848027,0.024128322
br35h/0281.png,br35h_350,3,11,-1,0.024023656,0.024000205,0.024147138,0.92782897
figshare/0523.png,fs_106284,1,11,-1,0.024749301,0.9277995,0.023001783,0.024449356
figshare/2144.png,fs_MR024780D,0,11,-1,0.9253162,0.025077758,0.024466973,0.02513906
figshare/0862.png,fs_112105,0,11,-1,0.92542267,0.025099043,0.024237879,0.025240358
figshare/0693.png,fs_99162,1,11,-1,0.025178855,0.9274476,0.023082558,0.024290912
figshare/2676.png,fs_MR049019G,0,11,-1,0.92539597,0.024915142,0.024516903,0.025171977
figshare/0156.png,fs_113435,1,11,-1,0.024033042,0.9272832,0.023441982,0.025241762
figshare/2479.png,fs_MR033420,0,11,-1,0.92521775,0.025358297,0.024440475,0.024983477
figshare/0745.png,fs_112105,0,11,-1,0.9253446,0.025072414,0.024467707,0.025115296
figshare/2707.png,fs_MR037458B,0,11,-1,0.9249644,0.025618892,0.024421845,0.024994906
figshare/1580.png,fs_97416,2,11,-1,0.0232139,0.024844393,0.92840827,0.023533478
figshare/0067.png,fs_106442,1,11,-1,0.024699878,0.92821443,0.022810295,0.02427541
figshare/1034.png,fs_105936,2,11,-1,0.023417208,0.02360133,0.9294784,0.023503143
figshare/0052.png,fs_104281,1,11,-1,0.02436978,0.9279634,0.023027834,0.024639023
figshare/0172.png,fs_114359,1,11,-1,0.024095822,0.9278929,0.023229346,0.024781918
figshare/2669.png,fs_MR053110E,0,11,-1,0.9253171,0.024961721,0.024526821,0.025194392
figshare/0811.png,fs_93825,0,11,-1,0.9247408,0.025939923,0.024433834,0.024885418
figshare/0099.png,fs_107494,1,11,-1,0.029110782,0.49039316,0.45283872,0.027657341
figshare/2658.png,fs_MR029209E,0,11,-1,0.9253578,0.02501775,0.024557814,0.025066642
figshare/1582.png,fs_97461,2,11,-1,0.023397855,0.023438059,0.92961717,0.023546845
figshare/0322.png,fs_107494,1,11,-1,0.0244814,0.9278972,0.023026193,0.024595179
figshare/0986.png,fs_111125,2,11,-1,0.023261037,0.026224412,0.926893,0.023621581
br35h/0364.png,br35h_517,3,11,-1,0.024017368,0.024052607,0.024117257,0.9278127
br35h/0128.png,br35h_144,3,11,-1,0.024023421,0.0238889,0.024041034,0.9280466
figshare/0354.png,fs_111366,1,11,-1,0.024603484,0.9257157,0.025125418,0.024555383
figshare/1118.png,fs_111125,2,11,-1,0.022847103,0.024014015,0.9292596,0.023879284
figshare/2350.png,fs_MR026175E,0,11,-1,0.9248737,0.025022976,0.025293263,0.024810063
figshare/2406.png,fs_MR048294,0,11,-1,0.9249648,0.025998361,0.024296988,0.024739921
figshare/0027.png,fs_102675,1,11,-1,0.026033174,0.9230939,0.026321221,0.02455162
figshare/2495.png,fs_MR033389B,0,11,-1,0.92532825,0.02509656,0.024306512,0.025268614
figshare/0942.png,fs_107505,2,11,-1,0.02325186,0.025092553,0.92811215,0.023543429
figshare/2887.png,fs_MR024780G,0,11,-1,0.92543054,0.024867497,0.024559751,0.02514218
figshare/0441.png,fs_99308,1,11,-1,0.024366185,0.9278251,0.023137249,0.02467154
figshare/2852.png,fs_MR048994,0,11,-1,0.92538106,0.025245383,0.02418359,0.02518997
figshare/0963.png,fs_109769,2,11,-1,0.023596205,0.025694806,0.9274786,0.023230325
figshare/0612.png,fs_112552,1,11,-1,0.02380552,0.92797315,0.023242764,0.024978545
figshare/0995.png,fs_112074,2,11,-1,0.023044921,0.025659315,0.9277446,0.023551125
figshare/0398.png,fs_114018,1,11,-1,0.024154665,0.92789006,0.02316136,0.024793934
figshare/2486.png,fs_MR033420,0,11,-1,0.9252953,0.024906348,0.02459843,0.025199968
figshare/0385.png,fs_113435,1,11,-1,0.023961756,0.9277003,0.023281315,0.025056634
figshare/0724.png,fs_102075,0,11,-1,0.9247199,0.025400396,0.025067762,0.024811985
figshare/1388.png,fs_97416,2,11,-1,0.023115415,0.024558045,0.92876107,0.023565479
figshare/1314.png,fs_103478,2,11,-1,0.023231603,0.024856986,0.9284346,0.023476765
figshare/2281.png,fs_MR024780G,0,11,-1,0.9254261,0.02501357,0.024350662,0.02520965
figshare/3012.png,fs_MR054875,0,11,-1,0.92260087,0.026198145,0.026912574,0.024288435
figshare/1180.png,fs_107495,2,11,-1,0.023425475,0.024264816,0.92889565,0.02341396
figshare/1959.png,fs_MR050135B,0,11,-1,0.92533827,0.024895363,0.02449745,0.025268923
figshare/0041.png,fs_103673,1,11,-1,0.024632886,0.9268229,0.02427562,0.02426863
figshare/1892.png,fs_MR048994B,0,11,-1,0.92543423,0.025185378,0.024244102,0.02513627
figshare/2105.png,fs_MR050687C,0,11,-1,0.92531466,0.024815824,0.02478575,0.025083847
figshare/0882.png,fs_92897,0,11,-1,0.9242018,0.026429798,0.02450365,0.024864858
br35h/0494.png,br35h_715,3,11,-1,0.024001757,0.02401348,0.0240957,0.92788905
figshare/2798.png,fs_MR040240B,0,11,-1,0.9253609,0.024938552,0.024474122,0.025226366
figshare/2401.png,fs_MR029209I,0,11,-1,0.92541695,0.024933998,0.024445727,0.025203336
figshare/1491.png,fs_103046,2,11,-1,0.022697587,0.025600556,0.9274574,0.024244433
figshare/2086.png,fs_MR047953C,0,11,-1,0.9254064,0.02486683,0.024499219,0.025227606
figshare/1178.png,fs_107495,2,11,-1,0.023447836,0.024602018,0.92864513,0.023305027
figshare/3058.png,fs_MR029209I,0,11,-1,0.92531216,0.024955502,0.024562612,0.025169699
figshare/0893.png,fs_94731,0,11,-1,0.9217671,0.028705772,0.024854502,0.024672624
figshare/1415.png,fs_98472,2,11,-1,0.02348487,0.025963759,0.9271695,0.023381904
figshare/0351.png,fs_111077,1,11,-1,0.024977336,0.92540085,0.025294757,0.024326947
br35h/0705.png,br35h_1282,3,11,-1,0.024035107,0.024023395,0.02412329,0.9278182
br35h/0318.png,br35h_408,3,11,-1,0.023997165,0.024008892,0.024055824,0.9279381
figshare/2561.png,fs_MR051644,0,11,-1,0.9247334,0.02522773,0.024995219,0.025043614
figshare/1922.png,fs_MR024780G,0,11,-1,0.92539144,0.024842136,0.024600714,0.025165671
figshare/0179.png,fs_97607,1,11,-1,0.02498065,0.92736936,0.023295753,0.024354182
figshare/1643.png,fs_101017,2,11,-1,0.023496956,0.025325991,0.9278743,0.02330275
br35h/0305.png,br35h_379,3,11,-1,0.023987936,0.024134789,0.024070065,0.9278072
br35h/0156.png,br35h_173,3,11,-1,0.02401029,0.02391668,0.024080735,0.9279923
br35h/0073.png,br35h_76,3,11,-1,0.023995806,0.023913931,0.023978237,0.92811203
figshare/0916.png,fs_98889,0,11,-1,0.92530024,0.025243279,0.02456828,0.024888247
figshare/2888.png,fs_MR024780G,0,11,-1,0.92528427,0.025188357,0.024382763,0.02514463
br35h/0299.png,br35h_370,3,11,-1,0.024018135,0.024165373,0.024200607,0.9276159
figshare/2590.png,fs_MR052550,0,11,-1,0.9250362,0.025297668,0.024687584,0.024978526
figshare/1668.png,fs_102648,2,11,-1,0.023282029,0.025286574,0.9279553,0.023476075
figshare/0834.png,fs_101384,0,11,-1,0.9253185,0.025336836,0.024217894,0.025126847
figshare/1576.png,fs_97416,2,11,-1,0.022829175,0.023348458,0.9296511,0.02417123
figshare/0393.png,fs_113805,1,11,-1,0.03809802,0.8722026,0.051934764,0.037764642
br35h/0246.png,br35h_297,3,11,-1,0.024028443,0.023893895,0.024063665,0.9280139
figshare/1366.png,fs_104684,2,11,-1,0.023734536,0.023526961,0.92950845,0.023230057
figshare/1147.png,fs_112847,2,11,-1,0.023338743,0.025526486,0.92772174,0.023412932
br35h/0551.png,br35h_796,3,11,-1,0.024068834,0.023678385,0.024039477,0.92821324
figshare/2501.png,fs_MR026175E,0,11,-1,0.9250543,0.025529206,0.024388548,0.025027907
figshare/0902.png,fs_95142,0,11,-1,0.92391086,0.026983913,0.024441719,0.024663523
br35h/0079.png,br35h_85,3,11,-1,0.024050076,0.02383381,0.024173701,0.92794245
figshare/1537.png,fs_104019,2,11,-1,0.023188904,0.024402987,0.9287676,0.02364051
br35h/0111.png,br35h_126,3,11,-1,0.024115484,0.02382889,0.024086066,0.9279696
figshare/2414.png,fs_MR048297,0,11,-1,0.9246805,0.02598291,0.024331132,0.025005538
figshare/0627.png,fs_113435,1,11,-1,0.024307486,0.9269425,0.023640241,0.02510973
figshare/1304.png,fs_103257,2,11,-1,0.02322058,0.02460378,0.92867553,0.023500029
figshare/0275.png,fs_104281,1,11,-1,0.024547067,0.9283378,0.022735458,0.024379691
figshare/2295.png,fs_MR049453B,0,11,-1,0.9254943,0.024808526,0.02466961,0.025027532
figshare/1636.png,fs_99223,2,11,-1,0.023130592,0.023232799,0.92982423,0.023812339
figshare/1181.png,fs_107495,2,11,-1,0.023225486,0.025174182,0.9279629,0.0236374
figshare/0562.png,fs_107946,1,11,-1,0.024098007,0.92797786,0.023073245,0.024850916
figshare/2555.png,fs_MR051644,0,11,-1,0.9248791,0.025017079,0.025281422,0.024822343
figshare/1790.png,fs_97890,2,11,-1,0.023395002,0.026693877,0.9263326,0.023578495
figshare/1436.png,fs_98992,2,11,-1,0.023876019,0.02336866,0.9295856,0.023169678
figshare/1194.png,fs_107743,2,11,-1,0.023394506,0.025958702,0.92721796,0.023428801
figshare/2959.png,fs_MR051651B,0,11,-1,0.9254286,0.025105324,0.024108212,0.025357876
figshare/0186.png,fs_97875,1,11,-1,0.023497451,0.02640519,0.9256207,0.024476714
figshare/0161.png,fs_113554,1,11,-1,0.02449486,0.92772985,0.023202632,0.024572728
figshare/0979.png,fs_110993,2,11,-1,0.02333523,0.0247615,0.9284881,0.02341516
figshare/0496.png,fs_103673,1,11,-1,0.024984274,0.9216331,0.027905822,0.025476802
figshare/0206.png,fs_99308,1,11,-1,0.025269905,0.9258208,0.02472595,0.02418337
figshare/2438.png,fs_MR048994,0,11,-1,0.925291,0.025015924,0.024622101,0.025070952
figshare/1547.png,fs_104684,2,11,-1,0.022764644,0.024875935,0.92839134,0.023968058
br35h/0320.png,br35h_412,3,11,-1,0.02400218,0.02400218,0.02409024,0.9279054
figshare/2448.png,fs_MR040240,0,11,-1,0.925107,0.025398642,0.024629612,0.024864838
figshare/2371.png,fs_MR040240C,0,11,-1,0.92496014,0.025123252,0.02493403,0.024982572
figshare/2385.png,fs_MR017260F,0,11,-1,0.9251561,0.02496957,0.024714978,0.025159266
figshare/1422.png,fs_98652,2,11,-1,0.02342919,0.026111644,0.9270071,0.023452088
figshare/2909.png,fs_MR050791B,0,11,-1,0.92542225,0.024909765,0.024439935,0.02522811
figshare/1943.png,fs_MR049453B,0,11,-1,0.9254173,0.024915716,0.024463648,0.025203265
figshare/2366.png,fs_MR040240C,0,11,-1,0.92507315,0.024888217,0.024949085,0.02508954
figshare/1812.png,fs_98871,2,11,-1,0.023050107,0.02503921,0.92818105,0.023729594
figshare/2524.png,fs_MR017260F,0,11,-1,0.92203444,0.028609086,0.024208244,0.025148172
figshare/1910.png,fs_MR049104B,0,11,-1,0.925141,0.024938714,0.02488397,0.025036322
br35h/0622.png,br35h_969,3,11,-1,0.024061289,0.023722988,0.02406716,0.9281486
figshare/0703.png,fs_99815,1,11,-1,0.024133611,0.928441,0.022815786,0.024609607
br35h/0603.png,br35h_921,3,11,-1,0.024013769,0.02397276,0.024113648,0.92789984
figshare/0235.png,fs_101797,1,11,-1,0.024318233,0.9280374,0.022906352,0.02473806
figshare/2842.png,fs_MR048944,0,11,-1,0.92532873,0.02509035,0.024515113,0.025065871
br35h/0046.png,br35h_47,3,11,-1,0.02403961,0.023875838,0.024092488,0.927992
br35h/0701.png,br35h_1256,3,11,-1,0.024008745,0.024002884,0.024055684,0.9279326
figshare/0807.png,fs_92897,0,11,-1,0.92402804,0.02652821,0.024516638,0.024927098
br35h/0064.png,br35h_67,3,11,-1,0.025427524,0.024405729,0.02423356,0.9259331
figshare/2881.png,fs_MR049453,0,11,-1,0.9254832,0.02485674,0.024405738,0.025254335
figshare/1557.png,fs_105187,2,11,-1,0.023480412,0.02396096,0.92880154,0.023757067
figshare/0635.png,fs_113614,1,11,-1,0.024513004,0.92682993,0.024400044,0.024257012
br35h/0554.png,br35h_803,3,11,-1,0.024009105,0.024114847,0.02415609,0.92771995
figshare/2440.png,fs_MR048994,0,11,-1,0.9251062,0.024956033,0.024841124,0.025096573
figshare/0005.png,fs_100360,1,11,-1,0.025113512,0.927895,0.022835974,0.024155542
figshare/0502.png,fs_103925,1,11,-1,0.02451374,0.9264065,0.024768632,0.024311088
figshare/1004.png,fs_112746,2,11,-1,0.023331422,0.02441537,0.92879033,0.023462832
figshare/0341.png,fs_109968,1,11,-1,0.024501517,0.9282053,0.022665676,0.02462744
br35h/0361.png,br35h_501,3,11,-1,0.02404337,0.02392631,0.024119798,0.92791057
figshare/1893.png,fs_MR048944B,0,11,-1,0.92541826,0.024782274,0.02456544,0.02523407
figshare/2180.png,fs_MR039473B,0,11,-1,0.92489576,0.02475015,0.025287695,0.025066443
figshare/0425.png,fs_98241,1,11,-1,0.02419535,0.92763966,0.023268443,0.024896555
br35h/0681.png,br35h_1187,3,11,-1,0.024028018,0.023887642,0.024086755,0.9279976
figshare/1660.png,fs_101724,2,11,-1,0.023725992,0.028584268,0.9239695,0.023720238
figshare/2944.png,fs_MR051651,0,11,-1,0.9253427,0.025146095,0.02422987,0.02528134
figshare/0095.png,fs_107248,1,11,-1,0.025248274,0.92546344,0.025261007,0.024027338
figshare/2399.png,fs_MR029209I,0,11,-1,0.92530644,0.024943165,0.02456246,0.025187945
figshare/1819.png,fs_98992,2,11,-1,0.023007613,0.02495154,0.92827964,0.023761239
figshare/0420.png,fs_97943,1,11,-1,0.024052046,0.92756546,0.023621406,0.024761096
figshare/0333.png,fs_108550,1,11,-1,0.025684766,0.92496985,0.024886921,0.024458447
figshare/2521.png,fs_MR040240C,0,11,-1,0.92494345,0.024933383,0.02510446,0.025018746
figshare/0947.png,fs_107743,2,11,-1,0.023221605,0.024276786,0.9289431,0.023558524
figshare/1011.png,fs_113274,2,11,-1,0.023202866,0.02499654,0.928192,0.023608578
br35h/0167.png,br35h_184,3,11,-1,0.02402032,0.023909155,0.024143785,0.9279268
figshare/1305.png,fs_103257,2,11,-1,0.023284283,0.02458249,0.92871785,0.023415325
figshare/2024.png,fs_MR051644,0,11,-1,0.9252364,0.025278507,0.024476832,0.025008352
figshare/2146.png,fs_MR038469,0,11,-1,0.92470676,0.025092024,0.025449967,0.02475125
br35h/0375.png,br35h_563,3,11,-1,0.024015598,0.023939505,0.024074301,0.9279705
figshare/0091.png,fs_107190,1,11,-1,0.026160894,0.92190635,0.02698367,0.024949092
figshare/2981.png,fs_MR052550,0,11,-1,0.92452615,0.02592773,0.024416247,0.02512988
br35h/0355.png,br35h_483,3,11,-1,0.024027541,0.024062958,0.02415694,0.9277525
br35h/0414.png,br35h_613,3,11,-1,0.024005786,0.024087977,0.024087977,0.92781824
br35h/0369.png,br35h_537,3,11,-1,0.023997383,0.024179723,0.024103072,0.92771983
figshare/1521.png,fs_103731,2,11,-1,0.023100948,0.024681035,0.9284128,0.023805197
figshare/1602.png,fs_98472,2,11,-1,0.023211129,0.02460636,0.9287493,0.023433195
figshare/1056.png,fs_107505,2,11,-1,0.02362097,0.023684748,0.92936,0.023334347
br35h/0216.png,br35h_260,3,11,-1,0.024002323,0.024008188,0.024078626,0.9279108
figshare/2976.png,fs_MR052550,0,11,-1,0.9246082,0.0258541,0.024436302,0.025101429
br35h/0195.png,br35h_217,3,11,-1,0.02399618,0.024025492,0.024078337,0.92789996
br35h/0564.png,br35h_816,3,11,-1,0.024721224,0.026496127,0.025418926,0.9233637
br35h/0074.png,br35h_77,3,11,-1,0.0239808,0.024151187,0.02410995,0.9277581
br35h/0071.png,br35h_74,3,11,-1,0.023994628,0.024041539,0.024123853,0.92783993
br35h/0239.png,br35h_287,3,11,-1,0.02402383,0.023813609,0.0241002,0.9280624
figshare/2777.png,fs_MR039473,0,11,-1,0.9248021,0.02588487,0.024144873,0.025168113
figshare/0355.png,fs_111366,1,11,-1,0.024294075,0.9277824,0.023397338,0.024526171
figshare/1172.png,fs_106062,2,11,-1,0.022937585,0.023758393,0.92952836,0.023775656
figshare/1927.png,fs_MR024780G,0,11,-1,0.9255091,0.024845293,0.02452591,0.02511976
figshare/2812.png,fs_MR033420,0,11,-1,0.925334,0.025274929,0.024306677,0.025084365
figshare/2931.png,fs_MR051586,0,11,-1,0.9251368,0.025536412,0.024260033,0.025066778
figshare/0416.png,fs_97875,1,11,-1,0.025251498,0.92716956,0.023324886,0.024254013
figshare/0564.png,fs_108514,1,11,-1,0.47352433,0.47827289,0.023807649,0.024395138
figshare/2023.png,fs_MR051644,0,11,-1,0.9253335,0.02508436,0.024479423,0.025102768
br35h/0316.png,br35h_405,3,11,-1,0.024014313,0.023914851,0.024149543,0.92792124
figshare/0207.png,fs_99308,1,11,-1,0.024462104,0.92716795,0.023991307,0.024378637
br35h/0267.png,br35h_328,3,11,-1,0.02399519,0.024024501,0.02411853,0.92786175
figshare/0912.png,fs_98889,0,11,-1,0.92442733,0.02617296,0.024229556,0.025170151
figshare/2299.png,fs_MR049453B,0,11,-1,0.92545223,0.024965394,0.024476517,0.02510595
figshare/0736.png,fs_107747,0,11,-1,0.9251549,0.025580402,0.024331644,0.024933
figshare/1242.png,fs_111785,2,11,-1,0.023429219,0.027532827,0.9251989,0.02383899
br35h/0695.png,br35h_1231,3,11,-1,0.02401892,0.024001332,0.024107039,0.92787266
br35h/0674.png,br35h_1179,3,11,-1,0.024039706,0.024022125,0.024169173,0.927769
br35h/0263.png,br35h_324,3,11,-1,0.024025492,0.023978613,0.024095982,0.9278999
figshare/0684.png,fs_98241,1,11,-1,0.024016295,0.9279978,0.023152724,0.024833176
figshare/1611.png,fs_98871,2,11,-1,0.024162216,0.022194076,0.9302137,0.023430012
br35h/0351.png,br35h_476,3,11,-1,0.024002817,0.024161603,0.02413209,0.9277035
figshare/2439.png,fs_MR048994,0,11,-1,0.92528063,0.024991227,0.024688017,0.02504012
figshare/2522.png,fs_MR040240C,0,11,-1,0.9251125,0.024834644,0.024974503,0.02507838
figshare/1089.png,fs_109898,2,11,-1,0.023283824,0.02504718,0.928254,0.023414943
figshare/2930.png,fs_MR051586,0,11,-1,0.9248824,0.026009815,0.02419421,0.024913566
figshare/1685.png,fs_103478,2,11,-1,0.023622194,0.023581892,0.929409,0.023386903
figshare/0387.png,fs_113435,1,11,-1,0.023993868,0.92758316,0.023369526,0.025053417
figshare/0804.png,fs_90284,0,11,-1,0.9249536,0.02590083,0.024333335,0.024812303
figshare/0628.png,fs_113435,1,11,-1,0.02407724,0.9271782,0.02354253,0.025202062
figshare/0889.png,fs_93825,0,11,-1,0.92511016,0.025275035,0.024822645,0.024792181
figshare/0849.png,fs_106494,0,11,-1,0.9251802,0.02550004,0.02437396,0.024945848
figshare/1435.png,fs_98992,2,11,-1,0.023377657,0.024706062,0.928545,0.023371238
figshare/0812.png,fs_97609,0,11,-1,0.92550325,0.024972849,0.024483848,0.02504
figshare/1451.png,fs_99223,2,11,-1,0.023288548,0.025454879,0.9277624,0.02349416
figshare/2442.png,fs_MR037458C,0,11,-1,0.9223006,0.028491866,0.024351515,0.024856094
figshare/1950.png,fs_MR050135B,0,11,-1,0.923872,0.025726851,0.02573272,0.024668485
figshare/1619.png,fs_98874,2,11,-1,0.022875968,0.023564499,0.9295213,0.02403815
figshare/2900.png,fs_MR050687,0,11,-1,0.92465997,0.025870003,0.024635412,0.024834618
figshare/1441.png,fs_98992,2,11,-1,0.024395809,0.022185244,0.9296175,0.023801493
figshare/2929.png,fs_MR051586,0,11,-1,0.9236322,0.02741789,0.023991007,0.024958886
figshare/0415.png,fs_97875,1,11,-1,0.0251798,0.9268072,0.023880508,0.02413246
figshare/0864.png,fs_112105,0,11,-1,0.9253409,0.024998961,0.024372684,0.025287505
figshare/1325.png,fs_103670,2,11,-1,0.023096424,0.025304526,0.9277754,0.023823686
figshare/1661.png,fs_101724,2,11,-1,0.023746733,0.02848636,0.92409503,0.023671817
figshare/2198.png,fs_MR040240,0,11,-1,0.92461646,0.02542857,0.025212232,0.024742678
figshare/2230.png,fs_MR033420,0,11,-1,0.9252019,0.025178991,0.024434084,0.025185108
figshare/2269.png,fs_MR049358,0,11,-1,0.9246224,0.025942989,0.02443676,0.024997853
br35h/0175.png,br35h_193,3,11,-1,0.024008468,0.024002604,0.024067149,0.92792165
figshare/2608.png,fs_MR049942B,0,11,-1,0.9250785,0.02486407,0.024924846,0.0251326
figshare/2609.png,fs_MR049942B,0,11,-1,0.9252755,0.024869366,0.024778455,0.025076661
br35h/0054.png,br35h_55,3,11,-1,0.02399243,0.023951463,0.024074577,0.92798156
figshare/2803.png,fs_MR029209G,0,11,-1,0.9255651,0.024852877,0.02449146,0.02509063
figshare/0276.png,fs_104281,1,11,-1,0.024686836,0.9277236,0.023100697,0.024488833
figshare/1716.png,fs_103837,2,11,-1,0.023354452,0.0244754,0.9287985,0.02337161
figshare/1479.png,fs_101305,2,11,-1,0.023085672,0.025609873,0.9275671,0.02373733
figshare/0600.png,fs_112002,1,11,-1,0.02527592,0.9273984,0.023324173,0.024001446
figshare/1001.png,fs_112649,2,11,-1,0.023376215,0.024750672,0.92853105,0.023342047
figshare/1443.png,fs_98995,2,11,-1,0.023239594,0.02506076,0.9283007,0.02339899
figshare/1710.png,fs_103731,2,11,-1,0.023185158,0.024169475,0.9290664,0.023578914
figshare/2124.png,fs_MR029209E,0,11,-1,0.92534864,0.025005288,0.024420064,0.025226012
figshare/1784.png,fs_97481,2,11,-1,0.023306958,0.02471339,0.9284956,0.023484014
br35h/0588.png,br35h_896,3,11,-1,0.024026126,0.024067223,0.024208652,0.92769796
figshare/1416.png,fs_98472,2,11,-1,0.023416527,0.026925907,0.9260516,0.023605939
figshare/2069.png,fs_MR051644C,0,11,-1,0.925408,0.024909385,0.024547193,0.025135424
figshare/2145.png,fs_MR024780D,0,11,-1,0.9252302,0.025198286,0.024434835,0.02513672
figshare/0112.png,fs_108550,1,11,-1,0.024818324,0.927217,0.023661558,0.024303146
figshare/0382.png,fs_113435,1,11,-1,0.024471365,0.92774546,0.023011245,0.024771944
figshare/2656.png,fs_MR034997,0,11,-1,0.9251223,0.02549301,0.024342671,0.02504192
figshare/2808.png,fs_MR036496B,0,11,-1,0.9225408,0.028130803,0.024429377,0.024899032
figshare/0089.png,fs_106914,1,11,-1,0.023821417,0.92814,0.023201581,0.024836978
br35h/0159.png,br35h_176,3,11,-1,0.024024501,0.02399519,0.024118531,0.9278617
figshare/1614.png,fs_98871,2,11,-1,0.023399457,0.023365412,0.9296808,0.023554241
figshare/2703.png,fs_MR037458B,0,11,-1,0.92424226,0.026405111,0.024236625,0.025116015
figshare/2748.png,fs_MR031409B,0,11,-1,0.92450064,0.025643755,0.024824359,0.025031263
figshare/0636.png,fs_113614,1,11,-1,0.024533235,0.92646337,0.024583802,0.02441965
br35h/0693.png,br35h_1220,3,11,-1,0.024078611,0.023549557,0.02400817,0.92836356
br35h/0476.png,br35h_693,3,11,-1,0.024019066,0.023989769,0.024113074,0.9278781
figshare/0655.png,fs_114417,1,11,-1,0.07349682,0.87350464,0.027410123,0.02558835
br35h/0666.png,br35h_1145,3,11,-1,0.024023864,0.024141468,0.02422411,0.9276105
figshare/3063.png,fs_95969,1,11,-1,0.025121182,0.92689496,0.023558494,0.02442535
br35h/0662.png,br35h_1133,3,11,-1,0.024017692,0.02383078,0.02409992,0.9280517
figshare/1499.png,fs_103478,2,11,-1,0.02318605,0.024168639,0.9291055,0.023539688
figshare/2183.png,fs_MR039473B,0,11,-1,0.9252252,0.024861936,0.024843734,0.02506918
figshare/1012.png,fs_113274,2,11,-1,0.023343127,0.024565628,0.92857087,0.023520377
figshare/1621.png,fs_98992,2,11,-1,0.023720931,0.026650988,0.9262577,0.0233703
br35h/0519.png,br35h_747,3,11,-1,0.024045616,0.023858491,0.02409851,0.92799735
figshare/0180.png,fs_97737,1,11,-1,0.024475215,0.9276608,0.023269027,0.02459491
figshare/2019.png,fs_MR051644,0,11,-1,0.9245446,0.025738934,0.025210246,0.024506304
figshare/2834.png,fs_MR048294B,0,11,-1,0.9251151,0.025195196,0.02462953,0.025060086
br35h/0057.png,br35h_58,3,11,-1,0.023986088,0.024191938,0.02408585,0.92773616
figshare/2713.png,fs_MR039473,0,11,-1,0.92448735,0.025983745,0.024172042,0.025356837
br35h/0319.png,br35h_411,3,11,-1,0.02401892,0.023966204,0.024142383,0.92787254
figshare/0594.png,fs_111532,1,11,-1,0.024139397,0.92843723,0.022837982,0.024585467
figshare/2592.png,fs_MR052550,0,11,-1,0.9249927,0.0254265,0.024530163,0.025050638
figshare/2418.png,fs_MR048294B,0,11,-1,0.9253601,0.025097331,0.024408467,0.025134109
figshare/2187.png,fs_MR037458C,0,11,-1,0.9247874,0.025998684,0.024357662,0.024856241
br35h/0198.png,br35h_220,3,11,-1,0.024029244,0.024064468,0.02408798,0.92781836
figshare/2730.png,fs_MR037458C,0,11,-1,0.92197084,0.028943123,0.02462395,0.024462137
br35h/0386.png,br35h_577,3,11,-1,0.024013057,0.023995474,0.024118815,0.9278726
figshare/1116.png,fs_111075,2,11,-1,0.0234082,0.02348297,0.9295745,0.023534339
br35h/0307.png,br35h_382,3,11,-1,0.024009287,0.02428659,0.024203524,0.9275006
figshare/1976.png,fs_MR050791B,0,11,-1,0.92471427,0.025612254,0.024812903,0.024860583
figshare/0090.png,fs_106914,1,11,-1,0.024282858,0.9278184,0.023136936,0.024761768
br35h/0143.png,br35h_160,3,11,-1,0.024026837,0.024085574,0.02416213,0.92772543
figshare/0245.png,fs_102714,1,11,-1,0.025517762,0.92737705,0.02295785,0.024147363
figshare/0272.png,fs_104167,1,11,-1,0.025332257,0.9269674,0.023093663,0.024606634
figshare/0797.png,fs_88670,0,11,-1,0.9252882,0.024997538,0.024508307,0.0252059
figshare/2588.png,fs_MR051796B,0,11,-1,0.92541367,0.024842732,0.024577335,0.02516627
figshare/0192.png,fs_98241,1,11,-1,0.024260897,0.9278859,0.023149975,0.024703234
figshare/2013.png,fs_MR051461B,0,11,-1,0.9253882,0.02522096,0.024421107,0.024969742
figshare/1587.png,fs_97461,2,11,-1,0.024018116,0.022845384,0.92985797,0.02327854
figshare/2952.png,fs_MR051796,0,11,-1,0.9253463,0.025176886,0.024330774,0.025146056
figshare/0782.png,fs_112105,0,11,-1,0.9254083,0.02493373,0.024553204,0.025104757
figshare/2391.png,fs_MR017260F,0,11,-1,0.9253062,0.025237208,0.02459849,0.024858043
figshare/0297.png,fs_106534,1,11,-1,0.026013698,0.9225812,0.026734399,0.024670614
figshare/2413.png,fs_MR048297,0,11,-1,0.9238026,0.027085407,0.024397144,0.024714913
figshare/2689.png,fs_MR032322C,0,11,-1,0.92529094,0.024948835,0.024634102,0.0251261
figshare/0111.png,fs_108550,1,11,-1,0.025285883,0.9243798,0.025754407,0.024579918
figshare/2235.png,fs_MR033420,0,11,-1,0.92544043,0.024873797,0.024494149,0.025191586
figshare/2234.png,fs_MR033420,0,11,-1,0.92504734,0.025187038,0.02462768,0.025137955
br35h/0594.png,br35h_909,3,11,-1,0.02396961,0.025767045,0.023842908,0.92642033
figshare/2320.png,fs_MR050791B,0,11,-1,0.9254513,0.024959262,0.024144145,0.02544532
figshare/2080.png,fs_MR052585B,0,11,-1,0.9251594,0.025140945,0.024552554,0.025147073
figshare/1460.png,fs_101017,2,11,-1,0.023260832,0.024270363,0.9289223,0.023546556
figshare/1462.png,fs_101029,2,11,-1,0.023518998,0.02266226,0.93009806,0.023720643
figshare/2886.png,fs_MR024780G,0,11,-1,0.9255007,0.024899721,0.02440625,0.025193246
figshare/1397.png,fs_97461,2,11,-1,0.023520067,0.023624344,0.9294672,0.023388384
br35h/0449.png,br35h_659,3,11,-1,0.023990463,0.024037369,0.024066726,0.9279054
figshare/0806.png,fs_90284,0,11,-1,0.9248725,0.02572326,0.024497084,0.02490713
br35h/0469.png,br35h_684,3,11,-1,0.02401464,0.023798687,0.024026364,0.9281603
figshare/1385.png,fs_105638,2,11,-1,0.023336431,0.028110165,0.9244644,0.024089005
br35h/0336.png,br35h_436,3,11,-1,0.024008395,0.02413776,0.024161277,0.92769253
figshare/0843.png,fs_103148,0,11,-1,0.9176898,0.030395482,0.027896978,0.024017723
figshare/0362.png,fs_112002,1,11,-1,0.025000174,0.9278743,0.022935856,0.024189664
figshare/2370.png,fs_MR040240C,0,11,-1,0.9250674,0.025071051,0.024869852,0.02499157
figshare/2999.png,fs_MR053110B,0,11,-1,0.9251075,0.025736745,0.024046969,0.025108851
figshare/0887.png,fs_93329,0,11,-1,0.9251313,0.025550514,0.024337035,0.024981096
figshare/2161.png,fs_MR032322C,0,11,-1,0.9250767,0.024864022,0.024785237,0.025274076
figshare/0053.png,fs_104281,1,11,-1,0.024894025,0.9275509,0.023130357,0.024424711
figshare/0565.png,fs_108514,1,11,-1,0.024251737,0.9277575,0.023078993,0.02491182
br35h/0673.png,br35h_1178,3,11,-1,0.023984466,0.024037227,0.024078337,0.92789996
figshare/2009.png,fs_MR051586,0,11,-1,0.9251349,0.025405634,0.02460001,0.02485951
figshare/2614.png,fs_MR047953C,0,11,-1,0.924207,0.025554307,0.025361583,0.024877056
figshare/0545.png,fs_106914,1,11,-1,0.024222268,0.92799187,0.022916362,0.024869485
figshare/1036.png,fs_106062,2,11,-1,0.024518218,0.021929733,0.9302023,0.023349784
figshare/0003.png,fs_100360,1,11,-1,0.023768911,0.9279023,0.023388918,0.024939967
br35h/0177.png,br35h_195,3,11,-1,0.024019059,0.0239839,0.024118956,0.927878
figshare/0218.png,fs_100572,1,11,-1,0.0254726,0.92280924,0.02689065,0.024827443
figshare/2084.png,fs_MR047953C,0,11,-1,0.9254147,0.024867028,0.024613356,0.025104929
br35h/0183.png,br35h_202,3,11,-1,0.024003383,0.024114985,0.024156231,0.9277253
br35h/0399.png,br35h_597,3,11,-1,0.02404309,0.023955204,0.02410186,0.92789984
figshare/0799.png,fs_90284,0,11,-1,0.92407113,0.026471363,0.02455366,0.024903785
figshare/0368.png,fs_112062,1,11,-1,0.024731029,0.9257524,0.025139406,0.02437724
figshare/0828.png,fs_101020,0,11,-1,0.026194625,0.92562914,0.023885297,0.024290914
figshare/2433.png,fs_MR048944,0,11,-1,0.9251337,0.025128014,0.024757117,0.024981163
figshare/2991.png,fs_MR051644C,0,11,-1,0.9252346,0.025161404,0.02438727,0.025216747
figshare/2471.png,fs_MR036496B,0,11,-1,0.925521,0.024906352,0.024323449,0.025249198
figshare/1848.png,fs_MR048294,0,11,-1,0.9248518,0.025678445,0.024288077,0.025181718
figshare/0741.png,fs_112105,0,11,-1,0.9249775,0.024970852,0.02499526,0.025056357
figshare/1692.png,fs_103582,2,11,-1,0.023165923,0.025312645,0.92784667,0.023674782
figshare/1766.png,fs_97416,2,11,-1,0.023427969,0.025368875,0.9278609,0.023342283
figshare/1131.png,fs_112074,2,11,-1,0.023047052,0.025589924,0.92780423,0.02355878
figshare/1705.png,fs_103671,2,11,-1,0.023178123,0.02358339,0.92947006,0.02376837
figshare/0993.png,fs_111785,2,11,-1,0.023373386,0.024549536,0.92864096,0.023436157
br35h/0583.png,br35h_884,3,11,-1,0.024014823,0.024132404,0.024138264,0.92771447
figshare/1608.png,fs_98652,2,11,-1,0.02327764,0.02479085,0.92845416,0.023477312
figshare/2965.png,fs_MR051644B,0,11,-1,0.92549205,0.025009144,0.02428118,0.025217611
figshare/0046.png,fs_104167,1,11,-1,0.02435951,0.927572,0.023051977,0.025016524
br35h/0668.png,br35h_1154,3,11,-1,0.024016015,0.023939926,0.024057096,0.9279869
br35h/0310.png,br35h_393,3,11,-1,0.024057157,0.023934131,0.024245836,0.92776287
figshare/0436.png,fs_99089,1,11,-1,0.02511707,0.92630845,0.024525624,0.024048831
br35h/0426.png,br35h_632,3,11,-1,0.024019063,0.023995616,0.024107184,0.92787814
figshare/1556.png,fs_104912,2,11,-1,0.023163617,0.024809463,0.9284352,0.023591662
figshare/2840.png,fs_MR048944,0,11,-1,0.9252957,0.024967257,0.024580158,0.025156917
br35h/0616.png,br35h_960,3,11,-1,0.02398756,0.02427625,0.02416979,0.9275664
figshare/1534.png,fs_104019,2,11,-1,0.02324356,0.024532147,0.9286778,0.023546446
figshare/2034.png,fs_MR051651,0,11,-1,0.9253837,0.025024552,0.024450816,0.02514089
figshare/0408.png,fs_97737,1,11,-1,0.024390675,0.9283041,0.022801295,0.024504036
figshare/1038.png,fs_106062,2,11,-1,0.023918629,0.022347964,0.9302113,0.02352209
figshare/1433.png,fs_98874,2,11,-1,0.023378026,0.02410247,0.9290557,0.023463778
figshare/0978.png,fs_110993,2,11,-1,0.023349341,0.024613913,0.928596,0.023440722
figshare/2600.png,fs_MR051644C,0,11,-1,0.9253162,0.02508388,0.024466956,0.025132922
br35h/0461.png,br35h_674,3,11,-1,0.024066849,0.023867901,0.024155144,0.9279101
figshare/1828.png,fs_98992,2,11,-1,0.023416623,0.023411022,0.9296757,0.023496639
figshare/2508.png,fs_MR026175E,0,11,-1,0.9250324,0.025347013,0.024489317,0.025131345
figshare/2333.png,fs_MR051461,0,11,-1,0.92353755,0.026971055,0.024455715,0.025035666
figshare/1960.png,fs_MR050135B,0,11,-1,0.92554593,0.024815975,0.024431348,0.025206767
figshare/0819.png,fs_100416,0,11,-1,0.92378926,0.027011544,0.024254315,0.024944857
figshare/2525.png,fs_MR017260F,0,11,-1,0.92410123,0.026823737,0.024091352,0.024983758
figshare/2355.png,fs_MR026175E,0,11,-1,0.9252565,0.025088385,0.024585128,0.025070019
figshare/1645.png,fs_101029,2,11,-1,0.023424152,0.023436256,0.92952037,0.023619236
figshare/1727.png,fs_104558,2,11,-1,0.023210814,0.024432488,0.9291912,0.0231655
figshare/1018.png,fs_114361,2,11,-1,0.023706252,0.023384642,0.92953056,0.023378555
figshare/0381.png,fs_112648,1,11,-1,0.024887633,0.9264036,0.024373822,0.024334997
figshare/1635.png,fs_99223,2,11,-1,0.023080308,0.024046965,0.92917,0.023702744
figshare/2753.png,fs_MR038469,0,11,-1,0.92308915,0.02687269,0.025419138,0.02461901
figshare/0852.png,fs_106494,0,11,-1,0.14275756,0.7959686,0.032063767,0.02921006
br35h/0274.png,br35h_342,3,11,-1,0.024008742,0.023920976,0.024138033,0.92793226
figshare/2259.png,fs_MR048944B,0,11,-1,0.9252138,0.02538919,0.024297573,0.025099479
figshare/0877.png,fs_90284,0,11,-1,0.92490846,0.025925718,0.024135873,0.025030015
figshare/0785.png,fs_112105,0,11,-1,0.92531896,0.025016718,0.02460483,0.025059482
figshare/0738.png,fs_107747,0,11,-1,0.92522514,0.02494706,0.024789248,0.025038589
figshare/2701.png,fs_MR032322C,0,11,-1,0.92526245,0.024954163,0.024627328,0.025156014
figshare/3028.png,fs_MR034997,0,11,-1,0.92537296,0.02485377,0.024534253,0.025239002
br35h/0317.png,br35h_406,3,11,-1,0.024045058,0.023881247,0.02409795,0.9279758
figshare/2243.png,fs_MR048994,0,11,-1,0.92545307,0.024971487,0.024518406,0.025056984
figshare/1564.png,fs_105475,2,11,-1,0.023474135,0.02536501,0.92765236,0.02350856
figshare/2924.png,fs_MR051461,0,11,-1,0.9251962,0.025444508,0.024137475,0.025221854
figshare/2275.png,fs_MR049453,0,11,-1,0.9254079,0.024921544,0.024535172,0.02513541
figshare/1318.png,fs_103582,2,11,-1,0.02326781,0.02453141,0.92873913,0.023461629
figshare/2679.png,fs_MR031409B,0,11,-1,0.9253297,0.025047576,0.024575166,0.025047531
figshare/1693.png,fs_103582,2,11,-1,0.023356576,0.02583525,0.9272972,0.023511026
figshare/0338.png,fs_108945,1,11,-1,0.024442635,0.9280131,0.0229281,0.024616266
figshare/0194.png,fs_98241,1,11,-1,0.02420274,0.92701817,0.02353843,0.02524072
figshare/2844.png,fs_MR048944,0,11,-1,0.9249259,0.025812898,0.024236709,0.025024408
figshare/1350.png,fs_104019,2,11,-1,0.023350045,0.027039181,0.92587066,0.023740102
figshare/1077.png,fs_109471,2,11,-1,0.023422455,0.025549278,0.9276458,0.023382455
figshare/1501.png,fs_103478,2,11,-1,0.023257514,0.022857808,0.9299241,0.023960631
figshare/0277.png,fs_104281,1,11,-1,0.024457248,0.9278848,0.023014698,0.024643201
figshare/0483.png,fs_102714,1,11,-1,0.024358723,0.9284434,0.022738002,0.024459915
br35h/0423.png,br35h_625,3,11,-1,0.024002746,0.024020337,0.024049673,0.9279272
br35h/0645.png,br35h_1053,3,11,-1,0.023984466,0.024048967,0.024066586,0.92789996
figshare/0145.png,fs_112552,1,11,-1,0.024153313,0.9273857,0.023375906,0.02508506
figshare/1100.png,fs_110537,2,11,-1,0.023307033,0.025305774,0.9278169,0.023570243
figshare/0132.png,fs_111532,1,11,-1,0.02463847,0.92725724,0.023327067,0.024777144
figshare/2932.png,fs_MR051586,0,11,-1,0.9252759,0.02531039,0.024269614,0.0251441
figshare/0973.png,fs_110518,2,11,-1,0.0636335,0.036047142,0.87127185,0.029047504
figshare/1344.png,fs_103837,2,11,-1,0.02304209,0.025961258,0.92717636,0.023820208
figshare/0178.png,fs_97607,1,11,-1,0.024297394,0.9281461,0.023032622,0.024523936
figshare/0644.png,fs_114018,1,11,-1,0.0240843,0.92789674,0.023411792,0.024607167
figshare/2704.png,fs_MR037458B,0,11,-1,0.92498875,0.025651112,0.02430959,0.025050553
figshare/2006.png,fs_MR051586,0,11,-1,0.92497087,0.025589708,0.02452959,0.024909846
figshare/2264.png,fs_MR049358,0,11,-1,0.9253439,0.025109148,0.024437834,0.025109164
figshare/2512.png,fs_MR040240C,0,11,-1,0.92515016,0.025220621,0.024732824,0.024896372
figshare/2481.png,fs_MR033420,0,11,-1,0.9253006,0.025132537,0.02453238,0.025034515
figshare/1719.png,fs_103837,2,11,-1,0.023572529,0.02735833,0.9256457,0.023423374
br35h/0204.png,br35h_226,3,11,-1,0.024039611,0.023870008,0.024098372,0.92799205
br35h/0690.png,br35h_1199,3,11,-1,0.024072006,0.023849716,0.024195742,0.9278825
figshare/0746.png,fs_112105,0,11,-1,0.9254336,0.024916153,0.024434235,0.025216019
figshare/0343.png,fs_109968,1,11,-1,0.024725394,0.92825973,0.022667006,0.024347844
figshare/2544.png,fs_MR048294,0,11,-1,0.9237479,0.027282,0.02411148,0.024858624
figshare/2791.png,fs_MR040240,0,11,-1,0.92484397,0.02601893,0.024424626,0.024712536
br35h/0131.png,br35h_147,3,11,-1,0.023987647,0.0241345,0.024081526,0.92779636
figshare/2518.png,fs_MR040240C,0,11,-1,0.9248861,0.02488318,0.025219586,0.025011085
figshare/1933.png,fs_MR024780G,0,11,-1,0.9254415,0.024867758,0.02454215,0.025148608
figshare/0699.png,fs_99308,1,11,-1,0.024540618,0.92742085,0.023172233,0.024866238
br35h/0515.png,br35h_742,3,11,-1,0.02405177,0.023852952,0.024087029,0.9280083
br35h/0686.png,br35h_1193,3,11,-1,0.024020832,0.024103075,0.024156092,0.92772
figshare/2567.png,fs_MR051651,0,11,-1,0.92533916,0.025158104,0.02448548,0.025017245
figshare/2485.png,fs_MR033420,0,11,-1,0.9254299,0.02493431,0.024499845,0.025136005
figshare/1302.png,fs_103046,2,11,-1,0.023298867,0.02499016,0.928172,0.023538973
figshare/0195.png,fs_98241,1,11,-1,0.023995452,0.92719245,0.023554329,0.025257772
figshare/2253.png,fs_MR048994B,0,11,-1,0.9252293,0.025229204,0.024410956,0.02513059
figshare/1626.png,fs_98992,2,11,-1,0.024179824,0.02219323,0.9303863,0.023240704
figshare/0347.png,fs_110116,1,11,-1,0.02435302,0.9259678,0.025218926,0.024460293
figshare/0274.png,fs_104167,1,11,-1,0.024774704,0.92806923,0.022996757,0.024159323
figshare/1971.png,fs_MR050687,0,11,-1,0.9252785,0.025343368,0.024246275,0.025131928
figshare/0970.png,fs_109898,2,11,-1,0.023462564,0.026919894,0.92606306,0.023554403
figshare/1870.png,fs_MR048994,0,11,-1,0.9253359,0.024931777,0.024617277,0.025115052
figshare/1184.png,fs_107429,2,11,-1,0.023105871,0.023533227,0.9295157,0.023845157
figshare/2918.png,fs_MR051461,0,11,-1,0.9254062,0.025178958,0.024119388,0.025295427
figshare/2843.png,fs_MR048944,0,11,-1,0.9253098,0.02517575,0.024436934,0.0250776
figshare/1624.png,fs_98992,2,11,-1,0.02454963,0.022027522,0.93023694,0.023185913
br35h/0190.png,br35h_210,3,11,-1,0.024009671,0.024109531,0.024138976,0.92774177
br35h/0589.png,br35h_897,3,11,-1,0.024055306,0.023938136,0.024315111,0.92769146
figshare/0688.png,fs_99089,1,11,-1,0.025019206,0.92676246,0.023880102,0.024338253
figshare/0472.png,fs_101801,1,11,-1,0.024956606,0.9260266,0.024739092,0.024277736
figshare/1663.png,fs_101724,2,11,-1,0.023567442,0.026016725,0.92702615,0.023389678
figshare/0124.png,fs_110116,1,11,-1,0.024443217,0.9266691,0.024545884,0.02434173
figshare/1023.png,fs_114094,2,11,-1,0.023880742,0.022971481,0.9297689,0.023378866
figshare/0418.png,fs_97943,1,11,-1,0.024377657,0.9280367,0.023142379,0.024443224
figshare/2857.png,fs_MR049104,0,11,-1,0.92542446,0.025203492,0.024291314,0.025080698
figshare/2564.png,fs_MR051644,0,11,-1,0.9252498,0.025131121,0.024340238,0.025278803
figshare/1343.png,fs_103837,2,11,-1,0.022995755,0.026230501,0.9268969,0.023876794
figshare/0167.png,fs_114018,1,11,-1,0.024161039,0.9279094,0.023298008,0.024631556
figshare/1724.png,fs_104019,2,11,-1,0.023445461,0.026073303,0.9269671,0.02351419
br35h/0132.png,br35h_148,3,11,-1,0.024000626,0.024024077,0.02412988,0.92784536
figshare/0770.png,fs_106494,0,11,-1,0.9252813,0.025199557,0.024436176,0.025082938
figshare/3022.png,fs_MR034997,0,11,-1,0.9241357,0.026377022,0.024447672,0.025039682
br35h/0199.png,br35h_221,3,11,-1,0.02403609,0.023959924,0.024147846,0.9278562
figshare/2774.png,fs_MR039473,0,11,-1,0.9248642,0.025566302,0.024455033,0.025114518
figshare/0685.png,fs_98241,1,11,-1,0.02449365,0.9276837,0.023088463,0.02473414
figshare/2457.png,fs_MR040240B,0,11,-1,0.9250958,0.024998438,0.024852406,0.025053428
figshare/0756.png,fs_101020,0,11,-1,0.92358196,0.027299048,0.024349667,0.024769362
figshare/1261.png,fs_112847,2,11,-1,0.023345612,0.025648534,0.9275346,0.023471221
figshare/1536.png,fs_104019,2,11,-1,0.023167199,0.024374288,0.9288055,0.023653012
figshare/0648.png,fs_114359,1,11,-1,0.024368513,0.92791486,0.023060573,0.02465602
figshare/0538.png,fs_106665,1,11,-1,0.023959074,0.92759645,0.023335598,0.025108907
figshare/1239.png,fs_111125,2,11,-1,0.023474554,0.025068171,0.9281199,0.02333738
br35h/0150.png,br35h_167,3,11,-1,0.023998149,0.023974758,0.02405094,0.92797613
figshare/1185.png,fs_107429,2,11,-1,0.023323901,0.023095384,0.9298703,0.023710463
figshare/0500.png,fs_103673,1,11,-1,0.024558749,0.9262964,0.024848431,0.024296388
figshare/0345.png,fs_110116,1,11,-1,0.030013636,0.5260444,0.41472673,0.029215172
figshare/2696.png,fs_MR032322C,0,11,-1,0.9255593,0.024834536,0.024497297,0.025108855
figshare/2346.png,fs_MR033389B,0,11,-1,0.9248899,0.025195058,0.02471378,0.0252012
figshare/1546.png,fs_104684,2,11,-1,0.022945458,0.02591823,0.92713076,0.024005597
figshare/0961.png,fs_109471,2,11,-1,0.02331467,0.024493301,0.9288032,0.023388822
br35h/0137.png,br35h_153,3,11,-1,0.024003807,0.024127193,0.024127187,0.92774177
figshare/1604.png,fs_98472,2,11,-1,0.023527376,0.02635616,0.9265833,0.02353311
figshare/1852.png,fs_MR048297,0,11,-1,0.925251,0.025260488,0.024375796,0.025112748
figshare/0486.png,fs_102818,1,11,-1,0.024680208,0.92770183,0.023021858,0.024596084
figshare/2332.png,fs_MR026175C,0,11,-1,0.9254658,0.024917023,0.024608715,0.025008436
figshare/0030.png,fs_102714,1,11,-1,0.02443077,0.9280157,0.023062948,0.024490632
figshare/3024.png,fs_MR034997,0,11,-1,0.92500293,0.025764307,0.02430984,0.02492293
figshare/1513.png,fs_103670,2,11,-1,0.023237072,0.025236793,0.92797494,0.023551203
figshare/0910.png,fs_97609,0,11,-1,0.9253793,0.025042785,0.024504546,0.025073366
br35h/0623.png,br35h_971,3,11,-1,0.04274895,0.021658797,0.020180497,0.9154117
figshare/2956.png,fs_MR051651B,0,11,-1,0.9253061,0.02536697,0.024175853,0.025151066
figshare/2612.png,fs_MR047953C,0,11,-1,0.92439926,0.025428806,0.025435012,0.02473687
figshare/0645.png,fs_114018,1,11,-1,0.024006188,0.92805785,0.023222152,0.02471381
figshare/1205.png,fs_108931,2,11,-1,0.023430884,0.026018258,0.92707413,0.0234767
figshare/0599.png,fs_112002,1,11,-1,0.42216057,0.52190983,0.028459152,0.027470432
figshare/2410.png,fs_MR048297,0,11,-1,0.92539907,0.025037201,0.024385646,0.025178168
figshare/0319.png,fs_107248,1,11,-1,0.024823487,0.9264859,0.024607765,0.024082864
figshare/3042.png,fs_MR040240C,0,11,-1,0.92529035,0.025169067,0.024353087,0.025187504
figshare/0520.png,fs_105937,1,11,-1,0.024593497,0.9273808,0.023593783,0.024431903
figshare/3039.png,fs_MR024780E,0,11,-1,0.92418665,0.026064422,0.024658918,0.025089994
br35h/0097.png,br35h_105,3,11,-1,0.024030369,0.02399519,0.024112644,0.92786175
figshare/1270.png,fs_113741,2,11,-1,0.023511708,0.025047008,0.92799836,0.023442868
figshare/2311.png,fs_MR050687,0,11,-1,0.92522633,0.025259864,0.024548333,0.024965461
figshare/2066.png,fs_MR051644C,0,11,-1,0.92541766,0.025037695,0.024445757,0.025098894
figshare/2504.png,fs_MR026175E,0,11,-1,0.92528546,0.025015777,0.024640173,0.025058579
figshare/0364.png,fs_112002,1,11,-1,0.024682872,0.92825085,0.022866864,0.024199441
br35h/0110.png,br35h_124,3,11,-1,0.024134215,0.024355317,0.024193626,0.9273169
figshare/0173.png,fs_114359,1,11,-1,0.023904305,0.9281882,0.023123715,0.024783745
figshare/1857.png,fs_MR048621B,0,11,-1,0.9253259,0.024943683,0.024695272,0.025035197
figshare/2948.png,fs_MR051796,0,11,-1,0.92499316,0.025657231,0.024262257,0.025087368
figshare/2065.png,fs_MR051644C,0,11,-1,0.9246994,0.025850277,0.02446258,0.024987735
figshare/2150.png,fs_MR038469,0,11,-1,0.92530787,0.024979932,0.024640825,0.025071418
figshare/0836.png,fs_101384,0,11,-1,0.92463845,0.025861757,0.024330014,0.025169756
figshare/0824.png,fs_100820,0,11,-1,0.9254525,0.024916664,0.024506487,0.025124352
br35h/0479.png,br35h_696,3,11,-1,0.024002885,0.024020474,0.024043942,0.92793274
br35h/0412.png,br35h_611,3,11,-1,0.024002464,0.024055276,0.024025917,0.9279163
figshare/0123.png,fs_109968,1,11,-1,0.024628095,0.92754906,0.02338053,0.024442315
figshare/0650.png,fs_114359,1,11,-1,0.023955677,0.9279181,0.023094296,0.025031986
figshare/0737.png,fs_107747,0,11,-1,0.9254128,0.025129467,0.024493422,0.024964303
figshare/1331.png,fs_103731,2,11,-1,0.02345556,0.025836907,0.92736626,0.023341209
figshare/2643.png,fs_MR049242C,0,11,-1,0.9253763,0.025159393,0.024391022,0.025073286
figshare/2192.png,fs_MR037458C,0,11,-1,0.9251728,0.025530986,0.024326205,0.024970021
figshare/0110.png,fs_108514,1,11,-1,0.025173102,0.9269964,0.023150522,0.024679948
figshare/3019.png,fs_MR050687C,0,11,-1,0.9254235,0.025240373,0.02426158,0.025074542
br35h/0365.png,br35h_523,3,11,-1,0.02401596,0.024086427,0.024139402,0.9277583
br35h/0191.png,br35h_212,3,11,-1,0.024025772,0.023984747,0.02407862,0.9279108
br35h/0368.png,br35h_529,3,11,-1,0.024013901,0.023972929,0.02410789,0.92790526
figshare/0651.png,fs_114359,1,11,-1,0.023732997,0.92831403,0.02301408,0.024938904
figshare/1730.png,fs_104558,2,11,-1,0.023123596,0.024050653,0.9290956,0.02373011
br35h/0370.png,br35h_539,3,11,-1,0.02401587,0.023916401,0.02408633,0.9279814
figshare/2403.png,fs_MR048294,0,11,-1,0.9251174,0.025355782,0.02450955,0.02501734
br35h/0384.png,br35h_575,3,11,-1,0.024036942,0.023966633,0.024107473,0.927889
br35h/0362.png,br35h_506,3,11,-1,0.02399067,0.024232017,0.024090448,0.9276869
figshare/2173.png,fs_MR037458B,0,11,-1,0.92491275,0.02558646,0.0243788,0.02512196
figshare/0039.png,fs_103673,1,11,-1,0.024255756,0.9281393,0.023224495,0.024380367
br35h/0647.png,br35h_1067,3,11,-1,0.024055248,0.023903068,0.024125831,0.9279159
figshare/1911.png,fs_MR049104B,0,11,-1,0.92525804,0.024868928,0.02475398,0.02511907
figshare/1909.png,fs_MR049104B,0,11,-1,0.9253183,0.02494957,0.024592964,0.025139114
figshare/2789.png,fs_MR040240,0,11,-1,0.92519164,0.025675317,0.024119733,0.025013257
br35h/0470.png,br35h_685,3,11,-1,0.02399632,0.024078513,0.02401977,0.9279054
br35h/0636.png,br35h_998,3,11,-1,0.02403862,0.023874855,0.024132708,0.92795384
figshare/2196.png,fs_MR040240,0,11,-1,0.9242809,0.025712788,0.025338883,0.024667395
figshare/0176.png,fs_97607,1,11,-1,0.02434612,0.92796814,0.023208553,0.02447724
figshare/0931.png,fs_107495,2,11,-1,0.023346383,0.024737086,0.9284787,0.023437759
figshare/0305.png,fs_106720,1,11,-1,0.023797408,0.9281013,0.023234602,0.024866678
figshare/2116.png,fs_MR034997,0,11,-1,0.92504674,0.025546312,0.024537576,0.024869295
br35h/0155.png,br35h_172,3,11,-1,0.023993362,0.024122577,0.02409315,0.9277909
figshare/2671.png,fs_MR053110E,0,11,-1,0.92543614,0.024934495,0.024529934,0.025099412
figshare/1543.png,fs_104558,2,11,-1,0.023561805,0.029160865,0.92342,0.023857325
br35h/0454.png,br35h_664,3,11,-1,0.024019485,0.02399018,0.02409584,0.9278945
figshare/1002.png,fs_112649,2,11,-1,0.023301804,0.026424006,0.9267035,0.023570672
figshare/0508.png,fs_104167,1,11,-1,0.024076298,0.9280468,0.022951316,0.024925612
br35h/0612.png,br35h_952,3,11,-1,0.024034161,0.02384131,0.02411645,0.9280081
figshare/1342.png,fs_103837,2,11,-1,0.023262486,0.02697232,0.92603827,0.023726933
figshare/1322.png,fs_103582,2,11,-1,0.023149159,0.02551768,0.92762935,0.023703914
figshare/2825.png,fs_MR048297,0,11,-1,0.9209126,0.029478747,0.024656393,0.02495228
figshare/0749.png,fs_100820,0,11,-1,0.92533106,0.025010925,0.024659278,0.024998713
figshare/0914.png,fs_98889,0,11,-1,0.9251531,0.025455877,0.024391081,0.02500002
figshare/0485.png,fs_102818,1,11,-1,0.02463624,0.9276303,0.023336705,0.024396809
figshare/1497.png,fs_103257,2,11,-1,0.02316152,0.023305194,0.9297122,0.023821091
